Sex;ID;Age;CaptivityWild;Height;Chest Girth;Neck Circumference;Length;Weight;Foot size
1;AA;739;a;207;332;230;NA;2249;NA
1;AA;749;a;207;341;232;NA;2136;110
1;AA;741;a;208;332;232;NA;2120;116
1;AA;744;a;208;340;230;NA;2138;110
1;AA;747;a;208;342;235;NA;2290;111
1;AA;735;a;210;323;227;203;2185;114
1;AA;737;a;210;323;227;203;2203;114
1;AA;736;a;210;323;227;203;2230;114
1;AA;743;a;210;327;228;NA;2113;113
1;AA;742;a;210;334;231;NA;2127;116
1;AA;740;a;211;335;233;NA;2168;NA
1;AA;732;a;211;343;NA;208;2127;112
1;AA;749;a;256;324;223;NA;2023;113
1;AA;738;a;NA;335;238;NA;2191;NA
1;AB;647;b;224;356;221;244;2769;NA
1;AB;657;b;227;348;226;209;2780;122
1;AB;653;b;229;351;221;NA;2861;124
1;AB;658;b;230;350;240;320;2780;117
1;AB;654;b;NA;345;210;226;2737;123
1;AC;59;a;167;248;155;NA;983;91
1;AC;58;a;NA;NA;147;NA;997;88
1;AD;436;a;209;335;215;300;2629;122
1;AD;432;a;214;340;208;NA;2579;119
1;AD;433;a;216;340;214;280;2757;117
1;AD;435;a;217;340;246;295;2629;120
1;AD;425;a;224;338;206;211;2538;NA
2;AE;369;b;239;259;243;349;3060;111
2;AE;370;b;240;352;247;335;3060;127
2;AE;366;b;242;345;237;320;3065;114
2;AE;359;b;244;356;244;239;3254;NA
2;AE;365;b;244;366;234;NA;3105;114
2;AF;405;a;244;373;269;231;3378;NA
2;AF;415;a;244;378;279;315;3302;125
2;AF;416;a;246;369;258;320;3302;124
2;AF;412;a;249;371;272;NA;3328;124
2;AF;413;a;249;372;264;305;3221;122
1;AG;431;b;229;323;201;NA;2202;NA
1;AG;433;b;NA;NA;NA;213;2176;NA
1;AH;451;a;212;320;198;NA;2058;115
1;AH;436;a;213;307;180;216;1941;110
1;AH;437;a;213;307;180;216;1950;110
1;AH;444;a;213;320;199;NA;1885;108
1;AH;440;a;214;310;200;NA;1870;NA
1;AH;451;a;214;320;210;NA;2000;115
1;AH;462;a;214;327;NA;NA;2125;NA
1;AH;447;a;215;310;200;NA;2920;106
1;AH;442;a;215;311;200;NA;2920;107
1;AH;441;a;215;311;200;NA;2939;NA
1;AH;443;a;215;311;201;NA;2937;108
1;AH;434;a;216;315;NA;206;1911;107
1;AH;449;a;218;323;201;NA;2336;100
1;AI;475;b;215;320;201;NA;2140;117
1;AI;476;b;215;320;202;NA;2152;117
1;AI;474;b;215;320;203;NA;2167;NA
1;AI;484;b;215;325;204;NA;2274;116
1;AI;477;b;216;320;196;NA;2104;113
1;AI;473;b;218;321;200;NA;2236;NA
1;AI;480;b;220;313;222;NA;2213;113
1;AI;482;b;220;315;228;NA;2443;115
1;AI;471;b;223;311;196;NA;2195;106
1;AI;469;b;223;311;196;NA;2209;106
1;AI;470;b;223;311;196;NA;2238;106
1;AI;484;b;224;330;210;NA;2296;112
2;AJ;488;a;257;361;NA;259;3277;122
2;AJ;501;a;259;356;NA;257;3224;119
2;AJ;489;a;259;368;NA;267;3380;122
2;AJ;503;a;262;358;NA;244;3262;140
2;AJ;503;a;262;358;NA;251;3346;137
2;AJ;505;a;264;353;NA;264;3198;140
2;AJ;500;a;264;353;NA;272;3126;122
2;AJ;493;a;264;361;NA;257;3452;119
2;AJ;482;a;264;363;NA;244;3440;119
2;AJ;496;a;264;363;NA;264;3342;135
2;AJ;498;a;264;366;NA;254;3318;140
2;AJ;480;a;264;366;NA;257;3454;117
2;AJ;484;a;264;366;NA;257;3397;119
2;AJ;481;a;264;366;NA;257;3417;119
2;AJ;497;a;264;366;NA;267;3298;135
2;AJ;483;a;264;368;NA;257;3443;119
2;AJ;490;a;264;368;NA;262;3485;119
2;AJ;494;a;267;358;NA;264;3249;122
2;AJ;499;a;267;358;NA;274;3347;140
2;AJ;491;a;267;371;NA;257;3300;119
2;AJ;495;a;267;373;NA;264;3510;135
2;AK;61;a;175;264;NA;168;1145;86
2;AK;62;a;175;267;NA;173;1115;86
2;AK;74;a;175;277;NA;175;1232;91
2;AK;68;a;178;259;NA;170;1132;86
2;AK;69;a;178;262;NA;168;1162;86
2;AK;74;a;178;272;NA;173;1278;94
2;AK;65;a;180;259;NA;173;1105;89
2;AK;63;a;180;262;NA;170;1122;86
2;AK;78;a;180;267;NA;168;1403;91
2;AK;76;a;180;272;NA;188;1235;91
2;AK;69;a;183;257;NA;163;1212;89
2;AK;71;a;183;264;NA;173;1171;89
2;AK;71;a;183;264;NA;173;1108;97
2;AK;72;a;183;269;NA;168;1222;84
2;AK;77;a;185;264;NA;173;1245;91
2;AL;54;a;160;NA;NA;NA;684;NA
2;AL;41;a;163;231;NA;NA;684;NA
2;AM;48;a;160;NA;NA;NA;980;NA
1;AN;11;a;122;NA;NA;NA;293;NA
1;AO;18;a;147;216;NA;122;690;NA
1;AP;640;b;221;292;NA;206;2088;109
1;AP;638;b;221;297;NA;213;2040;114
1;AP;638;b;221;300;NA;208;2158;114
1;AP;649;b;221;300;NA;221;2112;112
1;AP;658;b;221;305;NA;226;2128;117
1;AP;650;b;221;305;NA;229;2108;114
1;AP;643;b;221;307;NA;221;2051;112
1;AP;637;b;221;307;NA;221;2124;114
1;AP;635;b;221;310;NA;213;2096;114
1;AP;644;b;221;335;NA;218;2094;114
1;AP;657;b;224;305;NA;213;2186;112
1;AP;659;b;224;305;NA;213;2253;112
1;AP;652;b;224;305;NA;221;2209;112
1;AP;645;b;224;305;NA;226;2158;109
1;AP;653;b;224;307;NA;218;2209;114
1;AP;647;b;224;307;NA;221;2080;112
1;AP;651;b;224;310;NA;224;2212;114
1;AP;660;b;226;305;NA;221;2174;114
1;AP;652;b;226;310;NA;213;2247;114
1;AP;655;b;226;310;NA;234;2271;117
1;AP;656;b;226;312;NA;234;2232;112
1;AQ;443;b;218;325;213;NA;2413;NA
1;AQ;445;b;NA;NA;NA;208;2216;NA
1;AR;514;a;232;373;252;342;3408;122
1;AR;504;a;236;356;239;236;3374;NA
1;AR;510;a;239;363;229;NA;3344;135
1;AR;512;a;242;365;235;284;3360;131
1;AR;515;a;247;372;248;332;3408;132
2;AS;624;b;254;396;NA;262;4221;140
2;AS;623;b;254;399;NA;262;4168;140
2;AS;622;b;254;401;NA;267;4254;140
2;AS;602;b;257;409;NA;262;4500;137
2;AS;617;b;257;409;NA;272;4319;140
2;AS;599;b;257;414;NA;257;4371;137
2;AS;602;b;257;422;NA;259;4500;137
2;AS;604;b;257;424;NA;259;3923;137
2;AS;601;b;257;427;NA;254;4500;137
2;AS;621;b;259;394;NA;264;3852;142
2;AS;620;b;259;396;NA;282;3846;140
2;AS;618;b;259;399;NA;269;4256;137
2;AS;607;b;259;427;NA;282;4465;140
2;AS;608;b;259;437;NA;272;4398;137
2;AS;609;b;259;442;NA;272;4407;140
2;AS;610;b;259;447;NA;269;4470;140
2;AS;613;b;259;450;NA;264;4439;140
2;AS;614;b;259;452;NA;264;4446;140
2;AS;619;b;262;399;NA;274;4218;137
2;AS;616;b;262;427;NA;274;4582;140
2;AT;594;b;253;360;238;NA;3340;127
2;AT;587;b;254;356;251;213;3181;NA
1;AU;642;a;229;345;NA;216;2506;122
2;AV;631;a;240;366;NA;241;3229;132
2;AW;623;a;249;348;224;229;3069;NA
2;AW;630;a;252;357;219;NA;3188;130
2;AX;633;a;235;344;260;337;2970;128
2;AX;623;a;239;348;264;239;3137;NA
2;AX;630;a;242;332;242;325;3062;132
2;AX;634;a;243;340;250;320;2970;126
2;AX;629;a;249;335;254;NA;3119;135
1;AY;103;a;185;269;NA;173;1663;91
1;AY;105;a;185;282;NA;183;1433;91
1;AY;113;a;188;287;NA;188;1669;109
1;AY;106;a;191;272;NA;185;1184;97
1;AY;108;a;191;272;NA;185;1334;97
1;AY;112;a;191;277;NA;193;1463;99
1;AY;105;a;191;282;NA;191;1445;94
1;AY;118;a;191;282;NA;198;1560;104
1;AY;112;a;191;284;NA;193;1447;99
1;AY;114;a;193;290;NA;185;1540;99
1;AY;119;a;193;295;NA;196;1572;107
1;AY;117;a;196;290;NA;203;1639;99
1;AY;124;a;196;292;NA;196;1642;104
1;AY;119;a;196;297;NA;196;1572;102
1;AY;121;a;198;290;NA;196;1529;102
1;AY;120;a;198;290;NA;201;1541;104
1;AY;122;a;198;292;NA;198;1586;102
1;AY;124;a;198;292;NA;198;1601;104
1;AY;127;a;198;295;NA;206;1742;104
1;AY;128;a;198;305;NA;196;1742;102
1;AY;126;a;201;295;NA;198;1522;104
1;AZ;97;a;166;255;155;168;1155;88
1;AZ;98;a;166;255;155;168;1159;88
1;AZ;96;a;166;255;155;168;1229;88
1;AZ;101;a;170;254;154;NA;1189;NA
1;AZ;108;a;170;255;165;NA;1418;95
1;AZ;94;a;170;257;NA;178;1137;89
1;AZ;104;a;170;261;160;NA;1232;90
1;AZ;106;a;171;250;161;NA;1216;93
1;AZ;102;a;171;252;160;NA;1215;93
1;AZ;103;a;171;255;160;NA;1198;93
1;AZ;100;a;174;251;160;NA;1234;NA
1;AZ;110;a;177;260;160;NA;1272;91
1;AZ;110;a;178;259;164;NA;1296;92
1;BA;41;a;142;NA;NA;NA;760;NA
2;BB;57;a;159;231;133;NA;911;80
2;BC;50;a;155;NA;NA;NA;946;NA
1;BD;321;a;213;348;NA;208;2467;112
1;BE;345;a;226;343;NA;216;2483;112
1;BF;579;b;215;320;214;236;2376;122
1;BF;577;b;215;320;214;236;2390;122
1;BF;578;b;215;320;214;236;2390;122
1;BF;575;b;218;320;NA;213;2231;117
1;BF;585;b;220;313;202;NA;2249;117
1;BF;582;b;220;318;210;NA;2215;NA
1;BF;592;b;220;321;200;NA;2265;120
1;BF;581;b;220;325;198;NA;2234;NA
1;BF;583;b;221;313;221;NA;2176;118
1;BF;584;b;221;317;220;NA;2194;118
1;BF;590;b;233;323;205;NA;2400;109
1;BF;587;b;238;326;203;NA;2322;116
1;BF;592;b;239;326;205;NA;2532;115
1;BF;580;b;NA;320;200;NA;2303;NA
1;BG;612;a;224;325;NA;254;2572;124
1;BG;640;a;228;342;NA;NA;2756;NA
1;BH;810;b;225;325;216;284;2600;114
1;BH;813;b;226;326;239;318;2557;125
1;BH;814;b;228;330;230;310;2557;115
1;BH;809;b;229;333;213;NA;2568;122
1;BH;803;b;231;335;213;226;2608;NA
2;BI;109;a;185;274;NA;196;1576;99
2;BI;107;a;185;284;NA;196;1530;97
2;BI;111;a;185;287;NA;196;1533;102
2;BI;108;a;185;290;NA;188;1641;99
2;BI;110;a;185;292;NA;191;1496;99
2;BI;117;a;185;305;NA;203;1012;107
2;BI;115;a;188;295;NA;203;1647;102
2;BI;116;a;188;300;NA;203;1640;102
2;BI;118;a;188;305;NA;203;1680;104
2;BI;124;a;191;287;NA;196;1669;99
2;BI;123;a;191;292;NA;208;1774;102
2;BI;125;a;191;295;NA;203;1732;102
2;BI;120;a;191;295;NA;206;1768;102
2;BI;122;a;191;302;NA;203;1718;107
2;BI;128;a;193;297;NA;216;1724;102
2;BI;129;a;193;302;NA;193;1834;104
2;BI;131;a;193;305;NA;206;1768;102
2;BI;127;a;193;305;NA;208;1812;104
2;BI;126;a;193;312;NA;208;1786;104
2;BI;121;a;196;287;NA;208;1712;107
2;BI;130;a;196;302;NA;191;1803;104
1;BJ;105;a;183;282;NA;188;1375;89
1;BJ;101;a;183;284;NA;178;1872;97
1;BJ;102;a;183;284;NA;183;1355;94
1;BJ;93;a;183;297;NA;178;1361;97
1;BJ;98;a;185;272;NA;178;1402;97
1;BJ;96;a;185;274;NA;185;1377;97
1;BJ;115;a;185;295;NA;175;1605;97
1;BJ;95;a;185;297;NA;178;1448;97
1;BJ;96;a;185;297;NA;180;1448;97
1;BJ;103;a;188;272;NA;185;1375;91
1;BJ;109;a;188;279;NA;175;1498;94
1;BJ;110;a;188;282;NA;185;1438;97
1;BJ;107;a;188;284;NA;175;1485;94
1;BJ;108;a;188;284;NA;175;1494;94
1;BJ;115;a;188;287;NA;185;1514;94
1;BJ;112;a;191;274;NA;188;1464;94
1;BJ;113;a;191;282;NA;188;1478;99
1;BJ;111;a;191;282;NA;191;1362;97
1;BJ;114;a;191;287;NA;188;1463;97
1;BJ;118;a;191;290;NA;191;1587;97
1;BJ;117;a;196;292;NA;185;1577;94
1;BK;591;b;203;345;NA;221;2654;127
2;BL;62;a;168;254;NA;165;1026;89
2;BL;67;a;173;249;NA;168;1133;89
2;BL;65;a;173;254;NA;168;995;86
2;BL;64;a;173;254;NA;168;1064;91
2;BL;64;a;173;257;NA;168;1070;86
2;BL;72;a;175;262;NA;170;1124;91
2;BL;71;a;178;257;NA;173;1151;86
2;BL;71;a;178;257;NA;173;1135;89
2;BL;73;a;178;269;NA;180;1160;89
2;BL;80;a;180;262;NA;183;1242;99
2;BL;77;a;180;269;NA;178;1215;94
2;BL;79;a;180;274;NA;168;1208;91
2;BL;81;a;183;269;NA;241;1316;94
2;BL;78;a;183;272;NA;170;1252;99
2;BL;76;a;183;274;NA;175;1252;94
2;BL;85;a;183;274;NA;178;1328;94
2;BL;82;a;183;277;NA;183;1293;91
2;BL;87;a;185;264;NA;170;1332;94
2;BL;83;a;185;264;NA;185;1271;91
2;BL;85;a;185;267;NA;170;1326;94
2;BL;78;a;188;272;NA;175;1292;102
2;BM;72;a;127;254;158;NA;1175;NA
2;BM;73;a;137;254;160;NA;1194;90
2;BM;74;a;137;256;160;NA;1205;90
2;BM;69;a;174;244;162;170;1113;64
2;BM;67;a;174;244;162;170;1143;64
2;BM;68;a;174;244;162;170;1146;64
2;BM;71;a;174;252;166;NA;1171;NA
2;BM;82;a;180;260;170;NA;1313;90
2;BM;82;a;180;260;170;NA;1348;93
2;BM;80;a;181;269;181;NA;1290;95
2;BM;77;a;210;263;180;NA;1279;93
1;BN;593;a;229;348;NA;231;2669;124
1;BO;97;a;178;264;NA;170;1312;91
1;BO;98;a;180;279;NA;170;1428;91
1;BO;102;a;183;264;NA;173;1446;91
1;BO;100;a;183;269;NA;180;1420;91
1;BO;100;a;183;272;NA;170;1372;91
1;BO;107;a;183;290;NA;191;1440;91
1;BO;109;a;185;201;NA;191;1580;94
1;BO;113;a;185;272;NA;178;1448;97
1;BO;116;a;185;274;NA;180;1432;99
1;BO;106;a;185;274;NA;183;1378;89
1;BO;121;a;185;284;NA;191;1582;97
1;BO;107;a;185;295;NA;193;1425;97
1;BO;114;a;188;274;NA;183;1385;94
1;BO;115;a;188;274;NA;191;1418;99
1;BO;118;a;188;284;NA;178;1523;99
1;BO;117;a;191;279;NA;175;1482;99
1;BO;120;a;191;279;NA;193;1462;99
1;BO;122;a;191;282;NA;188;1528;97
1;BO;111;a;191;284;NA;185;1532;91
1;BO;119;a;191;287;NA;191;1417;99
1;BO;112;a;193;287;NA;185;1384;97
2;BP;259;a;217;295;NA;NA;2205;NA
1;BQ;242;a;196;292;NA;203;1652;102
2;BR;48;a;165;249;NA;178;1198;89
2;BR;49;a;170;244;NA;165;1011;86
2;BR;51;a;173;236;NA;175;918;84
2;BR;52;a;173;244;NA;160;1002;86
2;BR;50;a;173;246;NA;155;931;84
2;BR;54;a;173;257;NA;157;1101;89
2;BR;53;a;175;254;NA;155;1052;81
2;BR;56;a;175;254;NA;157;1106;81
2;BR;56;a;175;254;NA;163;1037;81
2;BR;57;a;175;274;NA;165;1156;84
2;BR;59;a;180;257;NA;178;1123;89
2;BR;59;a;180;264;NA;170;1198;81
2;BS;292;a;213;320;NA;NA;2154;NA
2;BS;264;a;221;279;NA;196;2086;104
1;BT;270;a;216;279;NA;206;1819;97
1;BU;268;a;206;290;NA;206;1887;104
2;BV;289;a;226;351;NA;NA;2638;NA
1;BW;291;a;217;325;NA;NA;2303;NA
1;BX;264;a;221;312;NA;221;1974;114
2;BY;261;a;226;335;NA;224;2544;117
2;BZ;647;b;241;363;NA;236;3086;127
1;CA;597;b;209;308;200;279;1975;107
1;CA;594;b;210;299;187;NA;1902;108
1;CA;587;b;211;284;180;208;1765;NA
1;CA;594;b;213;300;190;270;1935;107
1;CA;597;b;215;300;199;276;1975;100
2;CB;598;a;251;351;NA;269;3528;142
2;CC;78;a;168;282;NA;188;1482;97
2;CC;63;a;178;257;NA;175;1186;91
2;CC;64;a;178;272;NA;168;1182;91
2;CC;68;a;180;257;NA;175;1248;94
2;CC;74;a;180;259;NA;168;1337;99
2;CC;66;a;180;264;NA;183;1235;91
2;CC;69;a;180;267;NA;170;1203;86
2;CC;73;a;180;272;NA;168;1242;89
2;CC;76;a;180;279;NA;185;1382;99
2;CC;71;a;183;262;NA;175;1192;94
2;CC;72;a;183;264;NA;196;1231;97
2;CC;64;a;183;267;NA;173;1245;89
2;CC;77;a;183;274;NA;178;1289;99
2;CC;70;a;185;262;NA;178;1203;91
2;CC;75;a;188;274;NA;175;1272;94
2;CC;79;a;188;277;NA;180;1268;99
2;CD;48;a;152;232;140;NA;816;NA
2;CD;44;a;155;210;170;157;851;82
2;CD;52;a;157;240;145;NA;981;81
2;CD;49;a;158;220;142;NA;831;NA
2;CD;50;a;158;230;141;NA;856;81
2;CD;54;a;158;231;140;NA;907;80
2;CD;51;a;158;231;143;NA;863;83
2;CD;58;a;162;250;151;NA;1026;82
2;CD;59;a;166;238;151;NA;997;85
2;CD;47;a;NA;225;140;NA;835;NA
2;CD;57;a;NA;255;165;NA;1206;85
2;CD;46;a;NA;NA;NA;157;820;NA
2;CE;57;a;183;267;NA;170;1135;89
2;CE;58;a;183;269;NA;170;1178;89
2;CE;59;a;185;274;NA;168;1218;86
2;CE;60;a;185;274;NA;168;1194;91
2;CE;63;a;188;269;NA;183;1447;97
2;CE;62;a;188;274;NA;173;1307;91
2;CE;64;a;188;279;NA;175;1268;91
2;CE;61;a;188;287;NA;191;1224;97
2;CE;65;a;191;292;NA;180;1372;91
2;CE;67;a;193;279;NA;185;1308;91
2;CE;68;a;193;282;NA;185;1352;94
2;CE;66;a;196;297;NA;201;1352;91
1;CF;590;a;224;342;NA;244;2541;117
2;CG;375;a;232;342;NA;338;2250;109
2;CG;376;a;236;342;NA;333;2750;109
2;CG;382;a;236;343;NA;333;2395;109
2;CG;380;a;236;347;NA;333;2734;109
2;CG;377;a;236;348;NA;333;2840;109
2;CG;381;a;236;349;NA;333;2740;109
2;CG;383;a;237;352;NA;333;2798;110
1;CH;399;a;218;335;NA;234;2414;102
1;CH;391;a;221;328;NA;226;2370;112
1;CH;400;a;221;330;NA;229;2447;107
1;CH;394;a;221;335;NA;226;2418;107
1;CH;395;a;221;335;NA;226;2418;107
1;CH;390;a;221;335;NA;229;2301;112
1;CH;389;a;221;340;NA;229;2388;112
1;CH;401;a;221;340;NA;234;2298;109
1;CH;402;a;221;343;NA;226;2423;107
1;CH;383;a;224;325;NA;224;2450;112
1;CH;380;a;224;328;NA;218;2204;112
1;CH;405;a;224;328;NA;229;2684;114
1;CH;382;a;224;330;NA;224;2362;112
1;CH;385;a;224;333;NA;218;2025;112
1;CH;384;a;224;335;NA;224;2288;112
1;CH;388;a;224;335;NA;236;2395;112
1;CH;403;a;224;340;NA;226;2538;109
1;CH;404;a;224;353;NA;239;2532;107
1;CH;397;a;226;330;NA;224;2336;112
1;CH;398;a;226;343;NA;234;2408;107
1;CH;396;a;229;335;NA;213;2406;109
1;CI;332;a;217;368;NA;NA;3044;NA
1;CJ;304;a;215;330;200;NA;2190;NA
1;CJ;314;a;216;327;200;NA;2142;110
1;CJ;306;a;216;329;200;NA;2199;110
1;CJ;300;a;216;330;188;229;2162;110
1;CJ;299;a;216;330;188;229;2166;110
1;CJ;301;a;216;330;188;229;2213;110
1;CJ;309;a;216;334;205;NA;2343;110
1;CJ;305;a;216;338;204;NA;2202;111
1;CJ;303;a;218;327;194;NA;2171;NA
1;CJ;312;a;218;338;219;NA;2435;114
1;CJ;314;a;219;320;200;NA;2357;115
1;CJ;307;a;223;331;206;NA;2198;111
1;CK;52;a;162;244;137;NA;945;NA
1;CK;53;a;165;240;130;NA;937;NA
1;CK;58;a;165;240;132;NA;950;85
1;CK;48;a;165;240;200;178;960;90
1;CK;54;a;165;242;133;NA;939;85
1;CK;55;a;165;243;133;NA;941;86
1;CK;61;a;165;245;135;NA;945;85
1;CK;56;a;166;251;134;NA;944;84
1;CK;63;a;167;240;130;NA;945;85
1;CK;63;a;169;241;133;NA;963;86
1;CK;50;a;NA;NA;NA;178;918;NA
1;CL;479;b;213;328;NA;211;2210;114
2;CM;599;b;244;378;231;231;3080;NA
2;CM;606;b;247;380;240;303;2890;122
2;CM;609;b;248;383;240;332;3090;122
2;CM;605;b;249;371;236;NA;2920;127
2;CM;610;b;254;390;244;310;3090;142
1;CN;517;a;216;345;NA;244;2942;122
1;CO;754;b;245;346;NA;321;2750;115
1;CO;753;b;245;349;NA;321;2920;115
1;CO;756;b;245;350;NA;321;2930;115
1;CO;749;b;245;355;NA;321;2860;115
1;CO;752;b;245;358;NA;321;2921;115
1;CP;573;b;216;364;227;305;2909;128
1;CP;563;b;218;363;229;231;2979;NA
1;CP;570;b;222;354;216;295;2907;125
1;CP;569;b;224;366;213;NA;2890;127
1;CP;574;b;226;364;210;307;2909;126
2;CQ;700;b;239;351;NA;269;3273;130
2;CQ;699;b;239;356;NA;257;3378;127
2;CQ;706;b;239;356;NA;262;3532;122
2;CQ;704;b;239;361;NA;229;3512;132
2;CQ;705;b;239;366;NA;264;3518;130
2;CQ;701;b;241;345;NA;264;3441;127
2;CQ;700;b;241;356;NA;262;3377;127
2;CQ;691;b;241;358;NA;254;3366;130
2;CQ;708;b;241;361;NA;244;3594;130
2;CQ;692;b;241;361;NA;254;3581;122
2;CQ;698;b;241;361;NA;267;3382;127
2;CQ;693;b;241;366;NA;262;3452;124
2;CQ;685;b;241;371;NA;259;3491;122
2;CQ;697;b;244;353;NA;259;3334;119
2;CQ;707;b;244;356;NA;251;3672;130
2;CQ;688;b;244;358;NA;249;3591;122
2;CQ;683;b;244;358;NA;259;3442;119
2;CQ;686;b;244;361;NA;244;3601;122
2;CQ;686;b;244;368;NA;234;3614;122
2;CQ;703;b;246;340;NA;264;3468;127
2;CQ;695;b;246;366;NA;262;3375;122
2;CR;579;a;220;328;NA;231;2502;122
2;CS;603;b;236;353;NA;260;3033;127
1;CT;625;a;236;349;NA;NA;2520;NA
2;CU;577;a;248;366;NA;246;3087;130
2;CV;748;b;263;370;NA;NA;3687;NA
1;CW;727;b;230;335;208;NA;2543;121
1;CW;729;b;235;330;202;NA;2481;123
1;CW;731;b;235;332;203;NA;2533;120
1;CW;725;b;235;334;206;NA;2620;NA
1;CW;728;b;235;336;207;NA;2545;122
1;CW;723;b;235;337;217;208;2651;123
1;CW;722;b;235;337;217;208;2656;123
1;CW;721;b;235;337;217;208;2700;123
1;CW;719;b;236;340;NA;218;2517;122
1;CW;734;b;237;329;196;NA;2270;121
1;CW;726;b;237;336;209;NA;2579;NA
1;CW;724;b;NA;332;206;NA;2608;NA
2;CX;630;b;233;328;224;313;2494;120
2;CX;623;b;236;325;213;224;2476;NA
2;CX;630;b;241;341;218;NA;2568;124
1;CY;556;a;219;335;220;NA;2594;NA
1;CY;578;a;220;350;NA;NA;2669;NA
1;CY;558;a;221;332;217;NA;2667;120
1;CY;559;a;222;335;218;NA;2690;120
1;CY;566;a;222;336;218;NA;2692;120
1;CY;552;a;222;350;225;234;2253;117
1;CY;554;a;222;350;225;234;2614;117
1;CY;553;a;222;350;225;234;2718;117
1;CY;557;a;223;332;210;NA;2570;NA
1;CY;562;a;223;346;229;NA;2847;118
1;CY;566;a;223;350;230;NA;2900;110
1;CY;565;a;224;345;219;NA;2915;118
1;CY;550;a;224;351;NA;249;2625;117
1;CY;560;a;226;341;221;NA;2798;117
1;CY;555;a;NA;339;216;NA;2618;NA
2;CZ;59;a;169;252;154;NA;1057;NA
2;CZ;60;a;171;250;157;NA;1108;NA
2;CZ;57;a;172;240;147;157;1099;90
2;CZ;55;a;172;240;147;157;1103;90
2;CZ;63;a;172;246;150;NA;1053;89
2;CZ;65;a;172;250;150;NA;1142;90
2;CZ;61;a;172;251;157;NA;1131;90
2;CZ;69;a;172;251;170;NA;1106;91
2;CZ;62;a;172;253;157;NA;1140;90
2;CZ;70;a;173;241;169;NA;1169;91
2;CZ;68;a;174;255;165;NA;1161;90
2;CZ;81;a;176;250;NA;NA;1178;NA
2;CZ;58;a;NA;242;145;NA;1047;NA
1;DA;643;b;220;310;217;NA;2310;108
1;DA;642;b;220;310;220;NA;2348;NA
1;DA;644;b;220;311;217;NA;2312;109
1;DA;652;b;220;313;218;NA;2326;109
1;DA;647;b;220;320;219;NA;2364;116
1;DA;664;b;221;320;NA;NA;2254;NA
1;DA;645;b;222;313;210;NA;2308;116
1;DA;652;b;222;315;200;NA;2279;113
1;DA;641;b;222;321;215;NA;2301;NA
1;DA;650;b;225;320;215;NA;2330;114
1;DA;639;b;232;328;212;229;2257;104
1;DA;638;b;232;328;212;229;2290;104
1;DA;638;b;232;328;212;229;2333;104
2;DB;591;b;265;359;NA;183;3361;133
1;DC;163;a;200;278;NA;282;1588;95
1;DC;164;a;200;278;NA;282;1588;95
1;DC;168;a;200;280;NA;282;1654;95
1;DC;167;a;200;287;NA;282;1720;95
1;DC;168;a;200;287;NA;282;1730;95
1;DC;170;a;202;NA;NA;282;1782;NA
1;DD;166;a;190;275;162;NA;1516;NA
1;DD;168;a;192;273;160;NA;1538;101
1;DD;172;a;192;276;161;NA;1628;100
1;DD;170;a;193;270;150;NA;1544;100
1;DD;167;a;193;272;157;NA;1506;NA
1;DD;169;a;193;275;160;NA;1547;101
1;DD;177;a;194;280;160;NA;1550;100
1;DD;160;a;196;269;NA;183;1531;102
1;DD;177;a;198;280;155;NA;1588;102
1;DD;163;a;200;270;155;145;1487;98
1;DD;164;a;200;270;155;145;1527;98
1;DD;162;a;200;270;155;145;1535;98
1;DD;165;a;NA;271;155;NA;1498;NA
1;DD;175;a;NA;276;165;NA;1645;100
1;DE;193;a;195;280;185;NA;1625;99
1;DE;184;a;196;280;170;NA;1513;NA
1;DE;189;a;196;280;184;NA;1627;100
1;DE;185;a;196;283;170;NA;1605;101
1;DE;186;a;196;284;170;NA;1623;102
1;DE;177;a;196;284;NA;198;1528;97
1;DE;179;a;197;275;173;157;1556;100
1;DE;180;a;197;275;173;157;1565;100
1;DE;181;a;197;275;173;157;1588;100
1;DE;187;a;198;281;166;NA;1549;99
1;DE;192;a;199;285;185;NA;1926;95
1;DE;205;a;201;285;NA;NA;1692;NA
1;DE;194;a;203;282;180;NA;1637;101
1;DE;183;a;NA;253;151;NA;1179;NA
1;DE;182;a;NA;280;180;NA;1546;NA
1;DF;225;a;203;302;NA;201;1803;99
1;DG;266;a;221;366;NA;239;2355;112
1;DH;291;a;218;320;NA;221;2503;109
1;DH;267;a;218;328;NA;224;2323;112
1;DH;290;a;218;328;NA;234;2508;114
1;DH;276;a;218;330;NA;226;2672;112
1;DH;277;a;218;333;NA;226;2708;112
1;DH;275;a;218;333;NA;229;2601;112
1;DH;285;a;218;333;NA;241;2437;112
1;DH;278;a;218;335;NA;229;2580;112
1;DH;289;a;218;340;NA;229;2474;112
1;DH;269;a;221;320;NA;221;2525;112
1;DH;287;a;221;330;NA;229;2519;109
1;DH;270;a;221;333;NA;231;2700;112
1;DH;281;a;221;335;NA;226;2625;109
1;DH;282;a;221;335;NA;226;2625;109
1;DH;286;a;221;338;NA;229;2541;107
1;DH;288;a;224;328;NA;229;2338;112
1;DH;271;a;224;333;NA;224;2425;112
1;DH;272;a;224;333;NA;226;2265;114
1;DH;284;a;224;335;NA;226;2668;109
1;DH;292;a;224;345;NA;234;2672;112
1;DH;283;a;226;340;NA;236;2651;114
2;DI;312;a;234;356;NA;226;2961;124
2;DI;335;b;226;351;239;NA;2653;NA
2;DI;337;b;NA;NA;NA;208;2630;NA
2;DJ;305;a;267;356;NA;257;3353;127
2;DK;292;a;226;343;NA;231;2450;117
2;DK;320;a;227;335;NA;NA;2554;NA
1;DL;377;a;206;355;237;300;2930;141
1;DL;367;a;213;333;229;224;2727;NA
1;DL;377;a;214;350;227;320;2930;112
1;DL;374;a;220;350;223;300;2945;113
1;DL;373;a;231;348;244;NA;2897;119
2;DM;368;a;259;368;NA;236;3452;119
1;DN;480;a;215;306;191;NA;1963;107
1;DN;478;a;215;308;200;NA;1980;112
1;DN;482;a;215;308;200;NA;2042;108
1;DN;486;a;215;310;200;NA;1976;112
1;DN;479;a;215;310;200;NA;1983;112
1;DN;477;a;215;310;200;NA;2004;NA
1;DN;476;a;215;316;224;NA;1987;NA
1;DN;487;a;217;305;190;NA;2051;103
1;DN;473;a;218;300;192;213;1926;110
1;DN;472;a;218;300;192;213;1959;110
1;DN;474;a;218;300;192;213;1980;110
1;DN;485;a;218;312;205;NA;2291;133
1;DO;505;a;215;310;210;285;2344;111
1;DO;495;a;216;302;201;198;2093;NA
1;DO;501;a;220;317;203;NA;2275;108
1;DO;502;a;220;317;210;280;2362;110
1;DO;505;a;223;320;215;287;2344;113
2;DP;513;a;260;386;NA;274;3767;145
1;DQ;687;b;234;335;NA;216;2451;122
2;DR;583;b;267;376;290;NA;4081;150
2;DR;584;b;267;378;290;NA;4099;150
2;DR;582;b;267;380;293;NA;4189;NA
2;DR;592;b;268;381;270;NA;4136;148
2;DR;581;b;268;381;276;NA;4178;NA
2;DR;588;b;268;382;263;NA;4271;145
2;DR;590;b;268;385;265;NA;4530;145
2;DR;585;b;270;370;277;NA;4028;146
2;DR;603;b;270;389;NA;NA;4070;NA
2;DR;577;b;271;327;248;254;4078;147
2;DR;578;b;271;327;248;254;4231;147
2;DR;579;b;271;327;248;254;4273;147
2;DR;575;b;279;384;NA;287;3993;127
2;DR;592;b;NA;370;270;NA;4171;150
1;DS;539;a;234;348;NA;218;2874;122
1;DT;515;b;193;348;216;229;2814;NA
1;DT;525;b;210;350;225;320;2690;112
1;DT;526;b;221;344;220;320;2690;120
1;DT;522;b;222;360;220;280;2893;120
1;DT;521;b;224;361;226;NA;2805;114
1;DU;597;b;231;348;225;302;2695;111
1;DU;587;b;231;363;224;216;2690;NA
1;DU;598;b;236;342;232;303;2695;108
1;DU;593;b;239;343;218;NA;2729;114
1;DU;594;b;243;343;228;289;2691;118
1;DV;684;b;221;348;NA;249;2741;124
1;DV;683;b;224;356;NA;251;2938;122
1;DV;682;b;226;356;NA;218;2702;127
1;DV;681;b;229;353;NA;259;2716;124
2;DW;595;a;260;387;NA;NA;3365;NA
1;DX;651;b;231;363;NA;226;2928;128
2;DY;615;b;246;362;NA;251;3413;132
1;DZ;732;b;229;353;NA;244;2894;122
1;DZ;728;b;229;356;NA;249;2692;119
1;DZ;724;b;229;371;NA;244;2798;127
1;DZ;710;b;231;345;NA;251;2832;119
1;DZ;712;b;231;351;NA;231;2662;119
1;DZ;710;b;231;351;NA;234;2695;119
1;DZ;707;b;231;351;NA;234;2923;119
1;DZ;731;b;231;351;NA;236;2775;127
1;DZ;723;b;231;351;NA;241;2882;127
1;DZ;730;b;231;351;NA;251;2738;127
1;DZ;709;b;231;356;NA;249;2782;119
1;DZ;715;b;231;361;NA;236;2705;117
1;DZ;724;b;231;363;NA;244;2782;122
1;DZ;725;b;234;345;NA;244;2818;127
1;DZ;716;b;234;356;NA;236;2845;124
1;DZ;722;b;234;363;NA;249;2792;122
1;DZ;727;b;236;340;NA;251;2867;130
1;DZ;717;b;236;345;NA;251;2914;119
1;DZ;729;b;236;351;NA;234;2658;122
1;DZ;719;b;236;368;NA;257;2865;122
1;DZ;721;b;239;363;NA;239;2813;119
1;EA;587;b;226;312;NA;229;2192;114
1;EB;527;b;221;330;229;208;2518;NA
1;EB;534;b;222;347;240;280;2584;115
1;EB;537;b;224;337;240;285;2448;111
1;EB;534;b;224;344;225;NA;2603;120
1;EB;537;b;230;340;288;290;2448;117
2;EC;51;a;160;250;147;NA;1136;NA
2;EC;49;a;160;250;150;170;1108;92
2;EC;47;a;160;250;150;170;1121;92
2;EC;48;a;160;250;150;170;1145;92
2;EC;53;a;161;258;154;NA;1212;98
2;EC;52;a;161;263;156;NA;1213;NA
2;EC;54;a;162;260;154;NA;1204;98
2;EC;55;a;164;261;160;NA;1220;93
2;EC;61;a;170;250;160;NA;1200;93
2;EC;60;a;170;252;170;NA;1350;95
2;EC;57;a;170;258;154;NA;1209;98
2;EC;61;a;171;251;153;NA;1240;95
2;EC;50;a;NA;242;NA;NA;1102;NA
2;ED;57;a;165;234;NA;160;945;86
2;ED;62;a;168;234;NA;165;923;89
2;ED;60;a;168;236;NA;163;886;89
2;ED;59;a;168;239;NA;160;981;86
2;ED;60;a;168;239;NA;165;1021;89
2;ED;67;a;170;246;NA;173;1060;99
2;ED;67;a;170;246;NA;178;1052;89
2;ED;66;a;170;254;NA;180;1058;89
2;ED;69;a;173;259;NA;175;1130;91
2;ED;71;a;175;251;NA;183;1163;91
2;ED;76;a;178;244;NA;188;1161;94
2;ED;72;a;178;254;NA;170;1168;91
2;ED;74;a;178;257;NA;180;1157;91
2;ED;75;a;178;257;NA;183;1152;94
2;ED;78;a;180;254;NA;180;1202;94
2;ED;73;a;180;254;NA;180;1148;97
2;ED;81;a;180;257;NA;188;1263;91
2;ED;79;a;180;264;NA;180;1256;97
2;ED;77;a;183;257;NA;178;1218;94
2;ED;80;a;185;257;NA;185;1274;97
2;ED;82;a;185;262;NA;178;1326;91
1;EE;537;b;220;333;231;317;2740;109
1;EE;534;b;221;330;224;302;2556;135
1;EE;538;b;223;332;236;310;2740;108
1;EE;533;b;224;348;226;NA;2819;119
1;EE;527;b;229;330;211;NA;2736;NA
1;EF;700;b;218;320;NA;226;2293;122
1;EF;705;b;221;315;NA;226;2324;122
1;EF;700;b;221;318;NA;226;2213;117
1;EF;699;b;221;320;NA;224;2283;117
1;EF;688;b;224;310;NA;224;2221;119
1;EF;686;b;224;318;NA;216;2245;119
1;EF;683;b;224;320;NA;231;2162;122
1;EF;703;b;224;320;NA;239;2286;119
1;EF;686;b;224;323;NA;226;2298;119
1;EF;692;b;224;323;NA;229;2320;122
1;EF;685;b;224;323;NA;239;2230;119
1;EF;693;b;224;325;NA;239;2324;119
1;EF;691;b;224;335;NA;231;2302;117
1;EF;707;b;226;315;NA;221;2364;117
1;EF;701;b;226;315;NA;229;2272;122
1;EF;704;b;226;323;NA;229;2292;117
1;EF;706;b;226;323;NA;234;2132;114
1;EF;695;b;226;330;NA;224;2320;119
1;EF;708;b;229;312;NA;226;2219;119
1;EF;698;b;229;323;NA;234;2223;119
1;EF;697;b;234;328;NA;226;2265;117
2;EG;554;a;251;406;300;NA;4016;140
2;EG;558;a;256;416;302;345;4140;137
2;EG;559;a;257;398;305;346;4140;137
2;EG;548;a;259;389;287;244;3948;NA
2;EG;556;a;260;400;289;330;3970;137
2;EH;615;b;249;351;NA;NA;3233;NA
2;EH;587;b;254;353;NA;269;3182;132
1;EI;611;b;229;358;NA;244;2591;127
1;EJ;603;b;221;321;NA;NA;2669;NA
2;EK;548;a;231;328;NA;262;2808;127
2;EK;577;a;235;348;NA;NA;3344;NA
1;EL;591;b;215;318;NA;203;2167;107
2;EM;500;a;226;325;NA;241;2495;119
2;EM;501;a;246;358;NA;262;3295;124
2;EM;499;a;249;338;NA;251;3183;119
2;EM;503;a;249;345;NA;257;3268;130
2;EM;510;a;249;351;NA;259;2968;119
2;EM;509;a;249;351;NA;262;2994;119
2;EM;496;a;249;353;NA;249;3345;122
2;EM;508;a;249;353;NA;267;3150;119
2;EM;494;a;249;356;NA;249;3215;122
2;EM;495;a;249;358;NA;249;3248;122
2;EM;504;a;249;358;NA;267;3323;130
2;EM;485;a;249;361;NA;244;3078;130
2;EM;493;a;249;361;NA;249;3295;124
2;EM;488;a;251;348;NA;226;3177;124
2;EM;488;a;251;351;NA;249;3539;124
2;EM;507;a;251;351;NA;249;3058;130
2;EM;502;a;251;351;NA;251;3276;127
2;EM;487;a;251;353;NA;246;3370;124
2;EM;490;a;251;366;NA;257;3177;124
2;EM;506;a;254;351;NA;264;2975;127
2;EM;505;a;254;361;NA;267;3332;127
1;EN;529;a;221;328;NA;221;2486;109
1;EO;523;b;224;318;180;NA;2124;126
1;EO;524;b;224;320;182;NA;2150;126
1;EO;522;b;224;327;185;NA;2252;NA
1;EO;521;b;227;316;180;NA;2303;NA
1;EO;519;b;227;325;182;196;2280;119
1;EO;518;b;227;325;182;196;2335;119
1;EO;517;b;227;325;182;196;2389;119
1;EO;532;b;228;325;180;NA;2255;120
1;EO;532;b;229;224;180;NA;2203;102
1;EO;525;b;229;316;184;NA;2246;121
1;EO;528;b;230;320;179;NA;2192;115
1;EO;515;b;231;335;NA;221;2321;117
1;EO;530;b;232;325;181;NA;2890;115
1;EP;522;a;237;373;NA;NA;2930;NA
1;EP;501;a;210;304;109;290;2040;108
1;EP;498;a;212;304;181;NA;2097;114
1;EP;492;a;213;295;188;206;2058;NA
1;EP;499;a;215;310;224;290;2120;109
1;EP;502;a;216;310;188;293;2040;110
1;EQ;515;b;226;320;203;NA;2594;NA
1;EQ;517;b;NA;NA;NA;198;2682;NA
2;ER;393;b;245;358;237;327;2982;120
2;ER;390;b;248;369;238;NA;3032;119
2;ER;383;b;249;345;226;239;2991;NA
2;ER;393;b;250;351;240;327;2982;115
2;ER;390;b;250;367;242;320;3100;124
1;ES;455;b;208;335;208;201;2650;NA
1;ES;462;b;208;340;220;290;2583;114
1;ES;461;b;208;345;229;NA;2664;112
1;ES;466;b;210;336;216;290;2540;110
1;ES;465;b;219;335;217;283;2540;112
2;ET;531;b;258;394;NA;NA;3850;NA
1;EU;77;a;175;251;NA;178;1171;91
1;EU;94;a;175;262;155;NA;1251;91
1;EU;87;a;177;260;150;NA;1209;90
1;EU;84;a;179;255;150;NA;1184;NA
1;EU;85;a;179;264;160;NA;1173;91
1;EU;90;a;179;265;160;NA;1275;90
1;EU;86;a;179;266;160;NA;1196;91
1;EU;81;a;180;260;154;188;1143;90
1;EU;80;a;180;260;154;188;1190;90
1;EU;79;a;180;260;154;188;1221;90
1;EU;92;a;180;264;162;NA;1405;90
1;EU;83;a;197;278;181;NA;1526;NA
1;EU;94;a;NA;175;151;NA;1198;93
1;EU;82;a;NA;254;154;NA;1178;NA
2;EV;64;a;177;256;155;160;1238;92
2;EV;63;a;177;256;155;160;1257;92
2;EV;65;a;177;256;155;160;1311;92
2;EV;61;a;180;262;NA;168;1190;91
2;EV;76;a;183;265;165;NA;1431;98
2;EV;67;a;184;268;170;NA;1312;NA
2;EV;69;a;184;271;170;NA;1350;103
2;EV;70;a;185;272;170;NA;1320;104
2;EV;68;a;185;273;169;NA;1320;NA
2;EV;73;a;187;265;158;NA;1373;97
2;EV;71;a;187;276;169;NA;1341;97
2;EV;78;a;190;270;160;NA;1321;100
2;EV;78;a;191;265;165;NA;1438;97
2;EV;66;a;NA;268;NA;NA;1280;NA
2;EW;72;a;185;284;198;NA;1463;NA
2;EW;83;a;186;280;188;NA;1472;100
2;EW;76;a;187;282;185;NA;1490;102
2;EW;78;a;187;285;180;NA;1522;100
2;EW;73;a;187;286;182;NA;1413;NA
2;EW;75;a;187;287;185;NA;1427;101
2;EW;74;a;187;288;185;NA;1429;100
2;EW;83;a;188;284;181;NA;1523;188
2;EW;70;a;189;275;173;145;1448;100
2;EW;68;a;189;275;173;145;1457;100
2;EW;69;a;189;275;173;145;1457;100
2;EW;81;a;190;285;119;NA;1400;100
2;EW;71;a;NA;279;175;NA;1457;NA
1;EX;63;a;165;236;NA;160;975;86
1;EX;66;a;168;229;NA;163;986;89
1;EX;65;a;168;229;NA;168;1002;86
1;EX;66;a;168;236;NA;165;874;89
1;EX;68;a;168;236;NA;170;1093;89
1;EX;72;a;170;241;NA;170;1012;91
1;EX;73;a;170;241;NA;173;1028;91
1;EX;80;a;170;246;NA;173;1119;94
1;EX;74;a;170;246;NA;175;1060;97
1;EX;73;a;170;249;NA;175;1077;97
1;EX;77;a;173;241;NA;175;1102;94
1;EX;81;a;173;241;NA;178;1088;97
1;EX;78;a;173;251;NA;175;1124;94
1;EX;79;a;175;241;NA;165;1114;99
1;EX;88;a;178;244;NA;173;1218;97
1;EX;84;a;178;246;NA;175;1119;94
1;EX;87;a;178;249;NA;178;1221;94
1;EX;81;a;178;251;NA;178;1072;97
1;EX;86;a;180;246;NA;185;1167;97
1;EX;84;a;180;251;NA;173;1136;89
1;EX;83;a;180;254;NA;175;1136;97
2;EY;47;a;168;258;149;NA;1109;NA
2;EY;49;a;170;251;148;NA;1141;90
2;EY;48;a;170;252;147;NA;1099;NA
2;EY;50;a;170;254;149;NA;1149;90
2;EY;44;a;173;250;148;160;1087;91
2;EY;51;a;173;257;145;NA;1164;91
2;EY;58;a;178;260;160;NA;1257;90
2;EY;53;a;180;176;171;NA;1225;90
2;EY;56;a;180;264;178;NA;1235;93
2;EY;58;a;183;270;170;NA;1261;91
2;EY;45;a;NA;NA;NA;160;1051;NA
1;EZ;274;a;205;335;NA;NA;2372;NA
2;FA;246;a;208;302;NA;201;1878;99
2;FB;250;a;244;345;NA;226;2579;122
1;FC;251;a;202;300;215;NA;1735;NA
1;FC;255;a;202;310;204;NA;1779;102
1;FC;248;a;205;247;210;168;1637;105
1;FC;247;a;205;247;210;168;1708;105
1;FC;249;a;205;247;210;168;1725;105
1;FC;261;a;205;303;210;NA;1815;110
1;FC;260;a;205;309;205;NA;1926;110
1;FC;261;a;206;351;205;NA;1777;108
1;FC;273;a;212;314;NA;NA;1918;NA
1;FC;253;a;226;302;191;NA;1742;104
1;FC;254;a;226;303;192;NA;1751;105
1;FC;257;a;226;305;193;NA;1745;104
1;FC;252;a;226;305;194;NA;1796;NA
1;FG;246;a;239;353;NA;254;2965;122
1;FH;236;a;201;297;NA;198;1693;104
1;FH;264;a;202;305;NA;NA;1981;NA
1;FI;417;a;231;356;218;NA;2880;NA
1;FI;419;a;NA;NA;NA;224;2800;NA
1;FJ;149;a;201;300;NA;201;1820;104
1;FJ;152;a;201;302;NA;216;1885;107
1;FJ;152;a;201;305;NA;201;1990;107
1;FJ;150;a;201;307;NA;201;1427;104
1;FJ;158;a;201;312;NA;206;1968;107
1;FJ;154;a;203;297;NA;193;1941;107
1;FJ;168;a;203;307;NA;216;2004;102
1;FJ;159;a;203;312;NA;208;2090;107
1;FJ;174;a;203;318;NA;221;2091;104
1;FJ;163;a;203;325;NA;218;2128;112
1;FJ;170;a;206;305;NA;218;2028;112
1;FJ;159;a;206;315;NA;229;2080;109
1;FJ;164;a;206;318;NA;208;1968;107
1;FJ;165;a;208;302;NA;191;2023;112
1;FJ;166;a;208;305;NA;216;2036;109
1;FJ;173;a;208;310;NA;229;2183;112
1;FJ;161;a;208;323;NA;231;2125;109
1;FJ;167;a;211;272;NA;208;1978;109
1;FJ;171;a;211;315;NA;226;1942;112
1;FJ;172;a;213;310;NA;234;2052;112
1;FJ;169;a;213;312;NA;221;2116;112
2;FK;156;a;216;302;NA;301;2080;103
2;FK;151;a;216;303;NA;301;1935;103
2;FK;156;a;216;307;NA;301;2039;103
2;FK;155;a;216;308;NA;301;2071;103
2;FK;152;a;216;310;NA;301;2005;103
2;FK;159;a;219;NA;NA;301;2120;NA
1;FL;150;a;193;279;NA;185;1553;91
1;FL;158;a;194;298;183;NA;1619;105
1;FL;154;a;196;275;180;185;1621;110
1;FL;153;a;196;275;180;185;1630;110
1;FL;153;a;196;275;180;185;1635;110
1;FL;157;a;196;296;184;NA;1639;NA
1;FL;159;a;196;299;183;NA;1634;107
1;FL;163;a;198;180;182;NA;1643;102
1;FL;156;a;198;280;188;NA;1647;NA
1;FL;165;a;199;280;180;NA;1762;95
1;FL;167;a;200;280;165;NA;1935;95
1;FL;160;a;200;281;182;NA;1666;100
1;FL;167;a;201;290;183;NA;1576;101
1;FL;155;a;NA;268;NA;NA;1646;NA
2;FM;153;a;201;198;NA;203;1838;196
2;FM;158;a;202;300;187;193;1922;112
2;FM;157;a;202;300;187;193;1937;112
2;FM;156;a;202;300;187;193;1979;112
2;FM;161;a;203;308;219;NA;1983;NA
2;FM;162;a;204;304;219;NA;1944;115
2;FM;163;a;204;307;219;NA;1948;116
2;FM;160;a;204;312;220;NA;2019;NA
2;FM;164;a;205;310;217;NA;1924;117
2;FM;166;a;207;305;205;NA;1925;111
2;FM;169;a;208;288;189;NA;1930;100
2;FM;170;a;210;296;200;NA;1862;110
2;FM;171;a;257;303;210;NA;1932;110
2;FM;159;a;NA;305;NA;NA;1987;NA
1;FN;153;a;188;288;184;NA;1463;107
1;FN;154;a;189;286;186;NA;1442;107
1;FN;152;a;189;288;186;NA;1484;NA
1;FN;155;a;190;293;190;NA;1493;107
1;FN;151;a;192;295;182;NA;1499;NA
1;FN;145;a;193;277;NA;175;1451;91
1;FN;160;a;195;292;179;NA;1598;100
1;FN;157;a;198;287;183;NA;1522;100
1;FN;147;a;200;280;175;178;1476;97
1;FN;149;a;200;280;175;178;1523;97
1;FN;148;a;200;280;175;178;1524;97
1;FN;161;a;200;280;180;NA;1469;101
1;FN;162;a;202;285;183;NA;1570;101
1;FN;150;a;NA;286;NA;NA;1491;NA
1;FO;277;a;210;304;202;NA;2313;109
1;FO;273;a;214;320;127;NA;2220;NA
1;FO;275;a;215;320;194;NA;2249;111
1;FO;269;a;216;318;201;203;2152;110
1;FO;271;a;216;318;201;203;2195;110
1;FO;270;a;216;318;201;203;2217;110
1;FO;274;a;216;320;195;NA;2233;NA
1;FO;276;a;216;322;195;NA;2266;111
1;FO;280;a;216;328;209;NA;2396;106
1;FO;282;a;216;330;209;NA;2793;105
1;FO;284;a;221;323;215;NA;2407;106
1;FO;272;a;NA;319;208;NA;2238;NA
1;FO;284;a;NA;322;195;NA;2282;111
2;FP;263;a;226;323;NA;213;2487;114
2;FP;291;a;231;336;NA;NA;2688;NA
1;FQ;246;a;211;307;NA;208;2057;107
1;FR;245;a;201;310;NA;208;1764;107
2;FS;257;a;198;338;239;NA;2850;121
2;FS;253;a;217;326;222;NA;2373;114
2;FS;249;a;217;331;226;NA;2254;NA
2;FS;259;a;218;330;220;NA;2517;115
2;FS;252;a;219;330;224;NA;2366;113
2;FS;251;a;219;334;223;NA;2373;112
2;FS;259;a;219;338;225;NA;2376;133
2;FS;250;a;220;330;220;NA;2385;NA
2;FS;246;a;222;316;223;183;2287;112
2;FS;245;a;222;316;223;183;2297;112
2;FS;247;a;222;316;223;183;2303;112
2;FS;255;a;222;332;230;NA;2507;114
2;FT;459;a;233;351;265;324;3088;118
2;FT;455;a;241;358;269;NA;3170;119
2;FT;460;a;244;363;259;327;3088;116
2;FT;449;a;244;371;274;251;3127;NA
2;FT;457;a;246;352;270;327;2917;120
1;FU;443;b;241;318;206;NA;2198;NA
1;FU;445;b;NA;NA;NA;221;2237;NA
2;FV;414;b;223;350;240;311;3000;120
2;FV;407;b;226;340;221;244;2793;NA
2;FV;417;b;227;370;248;315;3080;121
2;FV;414;b;229;354;228;NA;3047;120
2;FV;417;b;232;350;245;316;3080;116
2;FW;515;b;231;351;NA;251;2813;122
2;FW;543;b;236;366;NA;NA;2991;NA
2;FX;492;a;241;331;NA;NA;2840;NA
2;FX;464;a;246;366;NA;244;2939;130
2;FY;525;b;251;372;NA;229;3237;132
1;FZ;537;b;213;315;NA;198;2172;114
2;GA;49;a;160;224;140;160;928;90
2;GA;48;a;160;224;140;160;950;90
2;GA;50;a;160;224;140;160;953;90
2;GA;52;a;160;229;141;NA;908;NA
2;GA;59;a;164;230;140;NA;942;86
2;GA;54;a;164;234;141;NA;934;95
2;GA;63;a;164;235;142;NA;960;88
2;GA;63;a;164;236;141;NA;972;90
2;GA;55;a;164;237;143;NA;940;95
2;GA;53;a;164;239;144;NA;950;NA
2;GA;56;a;166;235;149;NA;967;88
2;GA;74;a;168;235;NA;NA;1038;NA
2;GA;61;a;NA;235;142;NA;1459;85
2;GA;51;a;NA;235;NA;NA;915;NA
1;GB;153;a;193;267;NA;198;1496;97
1;GB;156;a;193;267;NA;203;1537;99
1;GB;155;a;193;272;NA;198;1617;99
1;GB;165;a;193;274;NA;198;1590;104
1;GB;158;a;193;274;NA;201;1323;102
1;GB;156;a;193;274;NA;201;1408;102
1;GB;163;a;193;277;NA;201;1590;107
1;GB;173;a;196;272;NA;208;1680;104
1;GB;176;a;196;274;NA;201;1678;102
1;GB;162;a;196;277;NA;216;1022;112
1;GB;163;a;196;277;NA;216;1602;112
1;GB;177;a;196;279;NA;206;1662;102
1;GB;167;a;196;279;NA;208;1704;107
1;GB;169;a;198;272;NA;206;1597;NA
1;GB;172;a;198;274;NA;201;1644;97
1;GB;171;a;198;274;NA;201;1608;104
1;GB;178;a;198;277;NA;213;1652;104
1;GB;170;a;198;282;NA;206;1708;104
1;GB;174;a;201;272;NA;203;1690;104
1;GB;168;a;201;277;NA;206;1598;104
1;GB;175;a;206;302;NA;213;1672;102
1;GC;155;b;234;292;178;NA;1875;NA
1;GC;157;b;NA;NA;NA;206;1887;NA
2;GD;157;a;190;294;175;NA;1571;NA
2;GD;164;a;191;294;180;NA;1693;100
2;GD;166;a;192;280;176;NA;1736;100
2;GD;159;a;194;294;174;NA;1587;110
2;GD;151;a;196;279;NA;196;1482;99
2;GD;153;a;196;283;171;183;1528;102
2;GD;154;a;196;283;171;183;1550;102
2;GD;155;a;196;283;171;183;1596;102
2;GD;160;a;196;294;176;NA;1598;110
2;GD;158;a;196;295;176;NA;1763;NA
2;GD;161;a;197;284;168;NA;1599;104
2;GD;168;a;197;285;168;NA;1645;106
2;GD;168;a;197;294;174;NA;1582;105
2;GD;179;a;201;290;NA;NA;1774;NA
2;GD;156;a;NA;273;NA;NA;1566;NA
2;GE;168;a;190;294;182;NA;1803;NA
2;GE;162;a;191;282;NA;203;1681;99
2;GE;172;a;195;294;174;NA;1757;99
2;GE;177;a;195;300;179;NA;1755;105
2;GE;170;a;197;284;173;NA;1773;99
2;GE;174;a;197;293;179;NA;1847;100
2;GE;178;a;197;300;190;NA;1838;106
2;GE;171;a;198;290;174;NA;1783;100
2;GE;178;a;198;297;197;NA;1829;107
2;GE;169;a;199;290;170;NA;1791;NA
2;GE;164;a;204;277;175;196;1682;101
2;GE;165;a;204;277;175;196;1682;101
2;GE;166;a;204;277;175;196;1705;101
2;GE;190;a;204;309;NA;NA;1990;NA
2;GE;167;a;NA;291;178;NA;1737;NA
2;GF;182;a;222;332;NA;301;2424;113
2;GF;187;a;222;338;NA;301;2650;113
2;GF;187;a;222;339;NA;301;2532;113
2;GF;186;a;222;340;NA;301;2601;113
2;GF;183;a;222;353;NA;301;2610;113
2;GF;189;a;224;NA;NA;302;2695;NA
2;GG;186;a;203;308;NA;NA;1237;104
2;GG;184;a;204;302;175;NA;1674;108
2;GG;189;a;205;302;175;NA;1681;107
2;GG;183;a;205;304;174;NA;1678;NA
2;GG;185;a;205;304;175;NA;1680;108
2;GG;191;a;205;306;179;NA;1785;105
2;GG;182;a;206;292;175;NA;1691;NA
2;GG;176;a;206;292;NA;203;1592;104
2;GG;193;a;207;305;176;NA;1690;108
2;GG;204;a;208;310;NA;NA;2964;NA
2;GG;180;a;210;292;174;178;1595;102
2;GG;179;a;210;292;174;178;1632;102
2;GG;179;a;210;292;174;178;1663;102
2;GG;193;a;212;301;180;NA;1794;110
2;GH;178;a;195;287;180;152;1667;93
2;GH;179;a;195;287;180;152;1667;93
2;GH;180;a;195;287;180;152;1696;93
2;GH;182;a;197;300;189;NA;1732;NA
2;GH;192;a;200;295;197;NA;2196;99
2;GH;190;a;200;297;195;NA;1796;100
2;GH;186;a;202;290;195;NA;1747;100
2;GH;184;a;202;297;198;NA;1747;100
2;GH;185;a;202;298;199;NA;1757;100
2;GH;192;a;202;298;199;NA;1760;202
2;GH;188;a;202;299;198;NA;1755;100
2;GH;175;a;203;295;NA;160;1608;102
2;GH;183;a;203;299;198;NA;1755;NA
2;GH;203;a;203;310;NA;NA;1394;NA
2;GH;181;a;NA;297;191;NA;1741;NA
2;GI;214;a;234;345;NA;216;2454;119
2;GI;224;a;234;351;NA;244;2786;122
2;GI;215;a;234;356;NA;224;2856;119
2;GI;223;a;234;356;NA;246;2814;122
2;GI;228;a;236;343;NA;239;2735;119
2;GI;228;a;236;345;NA;239;2735;117
2;GI;231;a;236;345;NA;239;2652;122
2;GI;225;a;236;348;NA;241;2665;119
2;GI;216;a;236;351;NA;224;2803;119
2;GI;222;a;236;351;NA;251;2802;122
2;GI;233;a;239;345;NA;239;2752;122
2;GI;217;a;239;348;NA;218;2606;122
2;GI;232;a;239;348;NA;244;2612;119
2;GI;218;a;239;351;NA;231;2358;122
2;GI;236;a;241;340;NA;236;2848;117
2;GI;235;a;244;343;NA;254;2616;124
2;GI;238;a;244;345;NA;241;2937;122
2;GI;230;a;244;348;NA;236;2772;122
2;GI;237;a;244;348;NA;239;2821;124
2;GI;229;a;244;353;NA;236;2806;122
2;GI;235;a;249;353;NA;226;2739;122
2;GJ;278;a;214;306;NA;283;2132;104
2;GJ;276;a;214;307;NA;283;2231;104
2;GJ;277;a;214;308;NA;283;2235;104
2;GJ;271;a;214;314;NA;283;2037;104
2;GJ;272;a;214;314;NA;283;2137;104
2;GJ;273;a;214;320;NA;283;2230;104
2;GJ;280;a;216;313;NA;284;2293;105
1;GK;276;a;217;323;NA;211;2140;104
2;GL;270;a;244;334;NA;229;2644;118
1;GM;282;a;223;344;212;297;2627;113
1;GM;279;a;223;345;221;277;2820;123
1;GM;282;a;225;337;216;310;2627;114
1;GM;272;a;226;345;224;213;2825;NA
1;GM;278;a;231;333;224;NA;2795;117
1;GN;272;a;234;345;NA;224;2569;117
1;GO;262;a;216;312;NA;216;2117;107
1;GP;254;a;221;328;NA;213;2376;112
1;GQ;293;a;204;312;NA;299;2186;105
1;GQ;289;a;204;314;NA;299;2028;105
1;GQ;294;a;204;315;NA;299;2023;105
1;GQ;290;a;204;318;NA;299;2050;105
1;GQ;294;a;204;321;NA;299;2190;105
1;GQ;296;a;204;NA;NA;299;2145;NA
1;GR;278;a;216;310;NA;218;2115;104
2;GS;312;a;238;360;NA;NA;2874;NA
2;GT;424;a;225;342;238;290;2616;119
2;GT;416;a;226;340;236;213;2549;NA
2;GT;426;a;227;338;251;315;2605;120
2;GT;427;a;228;344;245;290;2605;118
2;GT;422;a;229;340;244;NA;2626;122
1;GU;425;a;215;330;196;NA;2353;112
1;GU;428;a;216;332;207;NA;2438;114
1;GU;430;a;216;335;208;NA;2841;115
1;GU;421;a;218;320;200;NA;2220;NA
1;GU;415;a;218;328;NA;221;2211;114
1;GU;432;a;218;330;213;NA;2940;111
1;GU;443;a;218;340;NA;NA;2351;NA
1;GU;417;a;220;320;205;178;2244;115
1;GU;418;a;220;320;205;178;2264;115
1;GU;419;a;220;320;205;178;2311;115
1;GU;422;a;221;312;193;NA;2279;NA
1;GU;423;a;221;320;195;NA;2330;116
1;GU;424;a;221;321;195;NA;2342;117
1;GU;432;a;221;321;195;NA;2344;117
1;GU;420;a;NA;312;196;NA;2267;NA
2;GV;445;a;234;337;214;NA;2668;127
2;GV;439;a;236;328;213;213;2643;NA
2;GV;446;a;238;332;230;304;2763;129
2;GV;449;a;240;348;260;280;2919;129
2;GV;449;a;240;350;247;300;2919;125
2;GW;480;a;217;305;223;NA;2005;120
2;GW;471;a;233;341;221;NA;2540;126
2;GW;470;a;233;345;224;NA;2612;NA
2;GW;473;a;234;335;222;NA;2540;125
2;GW;473;a;234;340;224;NA;2544;126
2;GW;480;a;236;337;230;NA;2714;122
2;GW;466;a;237;325;216;259;2597;125
2;GW;466;a;237;325;216;259;2635;125
2;GW;467;a;237;325;216;259;2647;125
2;GW;469;a;237;338;205;NA;2663;NA
2;GW;475;a;238;330;220;NA;2566;120
2;GW;478;a;240;350;217;NA;2795;119
2;GW;463;a;243;340;NA;234;2648;117
2;GW;468;a;NA;332;222;NA;2643;NA
1;GX;478;a;226;323;NA;226;2303;109
1;GY;539;a;221;333;213;NA;2570;NA
1;GY;541;a;NA;NA;NA;224;2515;NA
2;GZ;727;b;239;343;NA;234;2842;127
2;GZ;724;b;239;348;NA;236;2807;124
2;GZ;724;b;239;356;NA;239;2964;124
2;GZ;707;b;239;356;NA;259;2393;122
2;GZ;709;b;239;358;NA;231;3070;122
2;GZ;731;b;239;358;NA;234;2997;127
2;GZ;721;b;239;358;NA;241;3018;122
2;GZ;716;b;239;361;NA;234;2847;124
2;GZ;715;b;239;361;NA;241;2970;124
2;GZ;710;b;241;348;NA;221;3604;122
2;GZ;710;b;241;348;NA;241;2873;122
2;GZ;712;b;241;351;NA;229;2996;122
2;GZ;729;b;241;351;NA;236;2928;127
2;GZ;725;b;241;351;NA;239;2881;130
2;GZ;728;b;241;351;NA;244;2887;122
2;GZ;730;b;241;361;NA;239;2958;127
2;GZ;732;b;241;361;NA;246;3021;127
2;GZ;717;b;241;361;NA;249;2965;124
2;GZ;723;b;241;363;NA;239;3192;124
2;GZ;719;b;241;366;NA;249;2918;122
2;GZ;722;b;244;351;NA;249;2987;122
1;HA;563;b;221;333;203;213;2404;NA
1;HB;540;a;220;325;200;NA;2377;117
1;HB;546;a;222;330;210;NA;2497;120
1;HB;546;a;225;320;211;NA;2437;125
1;HB;545;a;225;323;191;NA;2788;119
1;HB;533;a;226;315;200;198;2397;123
1;HB;532;a;226;315;200;198;2459;123
1;HB;542;a;226;319;200;NA;2350;119
1;HB;529;a;226;328;NA;244;2426;122
1;HB;538;a;227;320;202;NA;2351;120
1;HB;539;a;227;321;202;NA;2359;121
1;HB;537;a;227;322;202;NA;2377;NA
1;HB;570;a;227;330;NA;NA;2483;NA
1;HB;536;a;231;320;197;NA;2335;NA
1;HC;441;b;212;330;206;282;2403;115
1;HC;437;b;217;321;190;NA;2244;108
1;HC;438;b;219;325;197;290;2360;110
1;HC;441;b;219;334;200;283;2403;112
1;HC;431;b;241;323;201;211;2242;NA
2;HD;463;a;236;305;NA;218;2356;122
2;HD;491;a;236;329;NA;NA;2492;NA
2;HE;381;a;240;360;252;NA;3149;124
2;HE;385;a;241;352;238;296;3108;111
2;HE;375;a;244;356;236;231;3071;NA
2;HE;385;a;250;367;261;311;3108;123
2;HE;382;a;250;370;250;304;3250;112
1;HF;262;a;220;329;NA;NA;2289;NA
1;HG;230;a;206;292;NA;193;1696;94
1;HH;239;a;212;315;NA;295;2053;103
1;HH;240;a;212;315;NA;295;2059;103
1;HH;241;a;212;319;NA;295;2195;103
1;HH;245;a;212;325;NA;295;2229;103
1;HH;246;a;212;325;NA;295;2284;103
1;HH;244;a;212;326;NA;295;2224;103
1;HH;247;a;214;328;NA;295;2289;103
2;HI;364;a;234;343;216;226;2836;NA
2;HI;375;a;235;350;240;303;3111;126
2;HI;374;a;236;359;247;320;3111;124
2;HI;371;a;236;362;243;320;3121;120
2;HI;371;a;240;358;230;NA;2973;122
1;HJ;474;a;216;337;250;NA;2614;123
1;HJ;475;a;223;346;213;306;2694;120
1;HJ;478;a;228;335;209;300;2785;126
1;HJ;468;a;229;340;196;213;2487;NA
1;HJ;478;a;230;357;220;300;2785;121
1;HK;486;b;221;352;242;300;2770;130
1;HK;489;b;221;392;252;315;2860;126
1;HK;479;b;224;351;244;211;2808;NA
1;HK;490;b;226;366;231;310;2860;128
1;HK;485;b;231;361;239;NA;2880;127
2;HL;443;a;236;348;NA;251;3321;127
1;HM;455;a;228;349;NA;NA;2918;NA
1;HN;519;b;201;330;NA;218;2515;117
2;HO;525;b;230;330;NA;203;2592;114
1;HP;498;b;202;297;190;290;2100;107
1;HP;491;b;203;236;188;183;1944;NA
1;HP;501;b;203;305;195;280;2139;108
1;HP;497;b;207;300;189;NA;2060;108
1;HP;501;b;NA;308;200;270;2139;109
2;HQ;548;a;250;361;235;NA;3124;130
2;HQ;553;a;250;361;235;NA;3482;130
2;HQ;545;a;250;376;243;NA;3211;NA
2;HQ;550;a;252;360;242;NA;3153;130
2;HQ;555;a;252;361;243;NA;3151;130
2;HQ;555;a;253;359;233;NA;2995;133
2;HQ;540;a;255;354;244;348;3263;130
2;HQ;541;a;255;354;244;348;3316;130
2;HQ;542;a;255;354;244;348;3320;130
2;HQ;546;a;255;373;243;NA;3200;134
2;HQ;547;a;255;375;243;NA;3204;135
2;HQ;544;a;257;370;237;NA;3330;NA
2;HQ;538;a;257;384;NA;244;3451;130
2;HQ;543;a;NA;370;249;NA;3366;NA
1;HR;647;b;244;351;NA;239;2784;130
1;HS;695;b;213;333;NA;198;2055;117
1;HT;779;b;221;348;NA;213;2502;124
1;HU;576;b;207;310;180;NA;2035;207
1;HU;570;b;208;310;182;NA;2023;NA
1;HU;572;b;208;312;183;NA;2028;116
1;HU;571;b;208;313;183;NA;2036;116
1;HU;569;b;208;314;190;NA;1975;NA
1;HU;573;b;210;314;183;NA;1981;112
1;HU;567;b;213;305;190;203;2091;112
1;HU;565;b;213;305;190;203;2152;112
1;HU;566;b;213;305;190;203;2152;112
1;HU;563;b;213;318;NA;208;2131;104
1;HU;580;b;214;310;185;NA;2201;115
1;HU;580;b;218;320;190;NA;2159;113
1;HU;578;b;219;318;192;NA;2402;110
1;HU;568;b;NA;318;190;NA;2084;NA
1;HV;311;a;200;297;NA;NA;2049;NA
1;HV;283;a;201;290;NA;208;1848;94
1;HW;308;a;222;326;NA;NA;2418;NA
2;HX;352;a;241;365;240;310;3480;132
2;HX;350;a;244;375;225;335;3660;132
2;HX;349;a;247;360;215;NA;3230;132
2;HX;343;a;251;358;231;257;3346;NA
2;HX;353;a;257;358;225;302;3480;130
2;HY;399;a;221;323;218;213;2489;NA
2;HY;407;a;222;328;225;310;2559;118
2;HY;409;a;226;345;235;300;2678;118
2;HY;406;a;227;332;220;NA;2570;110
2;HY;410;a;229;335;230;305;2678;122
1;HZ;549;b;210;315;198;287;1954;113
1;HZ;545;b;213;308;203;NA;2005;110
1;HZ;539;b;213;310;208;196;1933;NA
1;HZ;546;b;214;305;179;290;2002;107
1;HZ;549;b;214;310;196;280;1954;112
2;IA;503;b;251;358;226;NA;3270;NA
2;IA;505;b;NA;NA;NA;218;3349;NA
1;IB;488;a;221;337;NA;NA;2565;NA
1;IC;481;a;210;340;NA;NA;2635;NA
2;ID;467;b;246;363;NA;236;3088;119
1;IE;455;b;236;335;NA;226;2735;122
2;IF;467;b;221;297;183;198;2085;NA
2;IF;473;b;222;304;188;NA;2035;105
2;IF;474;b;225;316;180;283;2134;107
2;IF;477;b;228;341;244;297;2107;110
1;IG;441;a;218;338;NA;216;2616;118
1;IH;503;b;234;338;NA;226;2784;117
1;II;460;a;220;335;NA;NA;2436;NA
1;IJ;510;b;228;350;230;NA;2867;127
1;IJ;503;b;231;343;229;231;2828;NA
2;IK;377;a;218;320;214;280;2596;118
2;IK;367;a;221;312;213;213;2416;NA
2;IK;374;a;221;322;223;300;2581;114
2;IK;373;a;222;315;210;NA;2444;112
2;IK;377;a;223;326;227;290;2596;115
1;IL;331;a;209;331;231;288;2409;110
1;IL;321;a;213;310;198;NA;2344;NA
1;IL;328;a;217;314;210;270;2412;109
1;IL;331;a;220;326;221;286;2409;106
1;IL;327;a;221;323;218;NA;2364;107
1;IM;245;a;222;336;NA;306;2550;109
1;IM;240;a;222;338;NA;306;2493;109
1;IM;239;a;222;339;NA;306;2498;109
1;IM;241;a;222;341;NA;306;2601;109
1;IM;244;a;222;342;NA;306;2509;109
1;IM;245;a;222;344;NA;306;2515;109
1;IM;247;a;223;351;NA;306;2612;110
2;IN;205;a;214;347;237;291;2648;119
2;IN;196;a;224;325;213;206;2456;NA
2;IN;202;a;226;343;244;NA;2670;117
2;IN;203;a;234;351;220;270;2790;104
1;IO;182;a;211;312;185;NA;2146;NA
1;IO;184;a;212;314;182;NA;2052;107
1;IO;185;a;212;314;184;NA;2047;108
1;IO;186;a;212;315;184;NA;2050;108
1;IO;176;a;213;302;NA;226;1997;109
1;IO;189;a;213;315;182;NA;2053;107
1;IO;183;a;213;320;184;NA;2066;NA
1;IO;193;a;215;310;190;NA;2187;110
1;IO;191;a;215;319;185;NA;2005;105
1;IO;180;a;216;303;196;251;2038;108
1;IO;179;a;216;303;196;251;2067;108
1;IO;179;a;216;303;196;251;2072;108
1;IO;193;a;217;312;193;NA;2230;110
2;IP;174;a;196;292;NA;193;1738;102
2;IP;181;a;201;293;200;NA;1720;NA
2;IP;185;a;203;296;186;NA;1774;105
2;IP;178;a;204;296;194;165;1723;103
2;IP;177;a;204;296;194;165;1736;103
2;IP;179;a;204;296;194;165;1758;103
2;IP;190;a;205;295;185;NA;1936;100
2;IP;182;a;206;288;170;NA;1723;NA
2;IP;184;a;206;292;180;NA;1749;105
2;IP;183;a;206;292;181;NA;1842;104
2;IP;187;a;206;292;181;NA;1932;104
2;IP;192;a;206;297;184;NA;2805;99
2;IP;191;a;207;294;181;NA;1754;105
2;IP;180;a;NA;300;191;NA;1751;NA
1;IQ;226;a;227;350;NA;NA;1764;NA
1;IR;687;b;227;357;NA;NA;2533;NA
2;IS;418;a;NA;244;NA;213;3324;119
1;IT;456;a;230;349;NA;NA;2980;NA
1;IT;428;a;231;348;NA;274;2256;NA
2;IU;529;a;244;385;257;310;3492;132
2;IU;519;a;246;371;229;226;3271;NA
2;IU;530;a;246;390;245;320;3492;127
2;IU;527;a;248;392;255;331;3531;131
2;IU;526;a;257;378;235;NA;3321;130
1;IV;642;b;228;326;194;NA;2301;120
1;IV;635;b;231;351;196;213;2290;NA
1;IW;688;b;221;305;NA;226;2363;122
1;IW;686;b;221;315;NA;236;2272;122
1;IW;686;b;221;318;NA;216;2332;122
1;IW;685;b;221;325;NA;221;2395;122
1;IW;683;b;221;328;NA;213;2320;122
1;IX;484;a;227;330;NA;332;2585;111
1;IX;490;a;227;330;NA;333;2493;111
1;IX;484;a;227;330;NA;333;2575;111
1;IX;488;a;227;331;NA;333;2560;111
1;IX;489;a;227;333;NA;333;2610;111
1;IX;485;a;227;338;NA;333;2650;111
1;IX;492;a;228;339;NA;333;2713;111
2;IY;355;a;226;330;NA;231;2315;119
1;IZ;366;a;226;340;NA;224;2676;117
2;JA;66;a;173;249;NA;178;1198;89
2;JA;71;a;173;257;NA;178;1218;94
2;JA;66;a;178;249;NA;178;1154;117
2;JA;68;a;178;249;NA;183;1118;86
2;JA;70;a;178;251;NA;173;1143;91
2;JA;72;a;178;254;NA;178;1189;89
2;JA;67;a;178;257;NA;173;1148;91
2;JA;69;a;178;257;NA;185;1116;89
2;JA;76;a;178;262;NA;168;1168;89
2;JA;75;a;178;262;NA;191;1270;89
2;JA;75;a;180;257;NA;178;1198;86
2;JA;73;a;180;257;NA;180;1209;89
1;JB;85;a;173;272;NA;178;1433;94
1;JB;86;a;178;267;NA;183;1385;94
1;JB;88;a;180;254;NA;185;1388;94
1;JB;83;a;180;269;NA;185;1362;94
1;JB;86;a;180;274;NA;191;1258;94
1;JB;93;a;183;274;NA;208;1444;104
1;JB;94;a;183;284;NA;188;1500;102
1;JB;101;a;185;287;NA;198;1543;107
1;JB;103;a;188;274;NA;193;1582;104
1;JB;97;a;188;277;NA;193;1638;102
1;JB;98;a;188;284;NA;198;1531;104
1;JB;108;a;191;279;NA;193;1604;99
1;JB;104;a;191;279;NA;203;1581;97
1;JB;99;a;191;279;NA;203;1503;107
1;JB;106;a;191;284;NA;196;1622;104
1;JB;104;a;191;284;NA;206;1596;102
1;JB;100;a;191;287;NA;198;1493;97
1;JB;100;a;191;287;NA;203;1562;102
1;JB;107;a;193;282;NA;196;1608;102
1;JB;92;a;213;269;NA;203;1496;102
1;JB;92;a;213;272;NA;196;1466;102
1;JC;99;a;176;263;164;NA;1216;101
1;JC;100;a;176;264;164;NA;1218;100
1;JC;98;a;176;265;164;NA;1233;NA
1;JC;93;a;178;256;157;185;1226;90
1;JC;94;a;178;256;157;185;1226;90
1;JC;95;a;178;256;157;185;1307;90
1;JC;91;a;178;262;NA;173;1204;94
1;JC;107;a;179;260;160;NA;1267;179
1;JC;101;a;179;261;162;NA;1244;95
1;JC;108;a;179;265;167;NA;1327;98
1;JC;103;a;180;262;156;NA;1267;100
1;JC;106;a;180;265;168;NA;1208;95
1;JC;97;a;180;266;163;NA;1307;NA
1;JC;96;a;NA;259;165;NA;1290;NA
2;JD;108;a;201;290;NA;201;1665;104
2;JD;110;a;203;290;NA;206;1707;107
2;JD;111;a;203;295;NA;203;1720;109
2;JD;113;a;206;295;NA;211;1672;109
2;JD;117;a;206;300;NA;213;1831;117
2;JD;118;a;206;300;NA;213;1850;117
2;JD;111;a;206;310;NA;208;1720;109
2;JD;118;a;208;307;NA;213;1808;112
2;JD;119;a;208;310;NA;206;1870;119
2;JD;123;a;208;312;NA;221;1912;112
2;JD;125;a;211;300;NA;226;1924;114
2;JD;122;a;213;300;NA;221;1962;114
2;JD;127;a;213;310;NA;226;1879;114
2;JD;124;a;213;310;NA;229;1946;117
2;JD;130;a;213;315;NA;221;1984;117
2;JD;133;a;216;320;NA;213;2149;117
2;JD;126;a;218;305;NA;213;1894;114
2;JD;128;a;218;305;NA;221;2026;114
2;JD;129;a;218;312;NA;224;2002;114
2;JD;131;a;218;320;NA;224;2032;114
2;JD;132;a;218;323;NA;231;2173;114
1;JE;154;a;178;162;159;NA;1355;95
1;JE;131;a;178;249;154;218;1262;89
1;JE;130;a;178;249;154;218;1274;89
1;JE;129;a;178;249;154;218;1283;89
1;JE;127;a;178;257;NA;185;1266;97
1;JE;151;a;179;160;157;NA;1349;95
1;JE;135;a;179;162;158;NA;1348;95
1;JE;133;a;179;261;157;NA;1373;NA
1;JE;136;a;180;164;159;NA;1352;96
1;JE;134;a;180;164;160;NA;1356;NA
1;JE;137;a;180;268;165;NA;1380;95
1;JE;156;a;182;267;160;NA;1430;96
1;JE;156;a;182;270;160;NA;1392;98
1;JF;180;a;190;273;184;NA;1642;NA
1;JF;182;a;190;286;181;NA;1739;117
1;JF;186;a;190;288;185;NA;1746;100
1;JF;189;a;190;289;186;NA;1935;115
1;JF;181;a;191;289;179;NA;1733;NA
1;JF;183;a;191;289;182;NA;1736;117
1;JF;184;a;191;289;182;NA;1740;117
1;JF;190;a;192;290;188;NA;2886;113
1;JF;190;a;192;295;171;NA;1679;110
1;JF;177;a;197;284;169;229;1704;109
1;JF;176;a;197;284;169;229;1706;109
1;JF;178;a;197;284;169;229;1769;109
1;JF;179;a;NA;281;NA;NA;1702;NA
1;JG;545;b;198;322;206;NA;2361;NA
1;JG;556;b;212;321;213;NA;2412;125
1;JG;542;b;212;322;202;183;2267;117
1;JG;542;b;212;322;202;183;2323;117
1;JG;543;b;212;322;202;183;2340;117
1;JG;556;b;214;333;218;NA;2336;115
1;JG;549;b;218;323;216;NA;2203;117
1;JG;547;b;220;324;206;NA;2213;118
1;JG;548;b;220;327;206;NA;2224;120
1;JG;552;b;220;328;210;NA;2278;114
1;JG;555;b;220;329;212;NA;2532;115
1;JG;546;b;220;330;207;NA;2271;NA
1;JH;555;b;224;362;NA;NA;2728;NA
1;JI;440;a;192;317;200;268;1978;107
1;JI;430;a;193;297;191;206;1770;NA
1;JI;437;a;196;304;190;272;1964;106
1;JI;441;a;197;300;200;270;1978;106
1;JI;437;a;197;314;190;NA;1894;106
1;JK;527;b;231;345;216;213;2509;NA
1;JK;534;b;232;338;208;NA;2550;124
1;JL;534;b;227;338;215;NA;2660;116
1;JL;527;b;229;343;213;221;2591;NA
1;JL;537;b;230;347;223;300;2759;122
1;JL;537;b;230;347;230;305;2759;123
1;JL;534;b;234;340;215;306;2733;120
1;JM;423;a;200;330;200;270;2121;118
1;JM;426;a;202;303;200;265;2028;107
1;JM;422;a;202;320;112;NA;2059;108
1;JM;426;a;202;320;200;270;2028;104
1;JM;416;a;206;310;206;193;1985;NA
1;JN;553;a;212;335;NA;NA;2396;NA
1;JO;506;a;236;338;NA;226;2695;122
1;JP;532;a;230;330;NA;NA;2789;NA
1;JQ;519;b;230;340;NA;236;2588;110
2;JR;505;a;261;393;250;NA;4080;136
2;JR;509;a;261;405;260;364;4108;137
2;JR;499;a;262;378;257;264;3899;NA
2;JR;509;a;263;385;265;352;4108;135
2;JR;506;a;267;393;260;365;4181;144
1;JS;543;b;223;339;NA;NA;2473;NA
1;JU;567;b;227;350;NA;NA;2757;NA
1;JU;539;b;234;338;NA;246;2667;114
1;JU;519;b;203;300;NA;194;1904;112
1;JV;349;a;206;325;NA;218;2172;108
1;JW;235;a;224;344;NA;316;2671;105
1;JW;236;a;224;345;NA;316;2674;109
1;JW;242;a;224;350;NA;316;2811;109
1;JW;237;a;224;353;NA;316;2802;109
1;JW;241;a;224;356;NA;316;2630;109
1;JW;240;a;224;358;NA;316;2626;109
1;JW;243;a;229;360;NA;316;2731;109
2;JX;211;a;221;328;NA;301;2270;113
2;JX;209;a;221;330;NA;301;2542;113
2;JX;210;a;221;332;NA;301;2540;113
2;JX;206;a;221;339;NA;301;2370;113
2;JX;204;a;221;340;NA;301;2404;113
2;JX;205;a;221;340;NA;301;2404;113
2;JX;212;a;225;335;NA;301;2601;114
2;JY;147;a;188;279;NA;193;1471;107
2;JY;155;a;200;280;200;NA;1579;104
2;JY;156;a;200;282;201;NA;1583;104
2;JY;153;a;200;284;180;NA;1607;NA
2;JY;154;a;200;284;202;NA;1622;NA
2;JY;159;a;201;280;180;NA;1677;108
2;JY;149;a;202;273;175;198;1155;95
2;JY;150;a;202;273;175;198;1460;95
2;JY;151;a;202;273;175;198;1551;95
2;JY;157;a;205;285;173;NA;1641;104
2;JY;162;a;205;285;175;NA;1586;105
2;JY;164;a;205;292;182;NA;1647;109
2;JY;164;a;206;285;178;NA;1611;108
2;JY;175;a;209;314;NA;NA;1972;NA
2;JY;152;a;NA;277;175;NA;1586;NA
1;JZ;145;a;198;307;NA;208;1878;104
1;JZ;148;a;201;300;NA;206;1710;109
1;JZ;150;a;201;300;NA;213;1822;109
1;JZ;155;a;201;305;NA;216;1970;114
1;JZ;153;a;201;305;NA;216;1972;114
1;JZ;147;a;201;305;NA;218;1935;107
1;JZ;146;a;201;307;NA;216;1912;107
1;JZ;154;a;203;300;NA;213;1862;107
1;JZ;163;a;203;300;NA;213;1978;112
1;JZ;160;a;203;307;NA;229;2022;114
1;JZ;156;a;203;325;NA;216;2070;114
1;JZ;159;a;206;297;NA;218;2035;112
1;JZ;164;a;208;305;NA;213;1975;112
1;JZ;165;a;208;305;NA;224;2068;114
1;JZ;161;a;208;307;NA;211;2025;112
1;JZ;162;a;208;310;NA;221;2004;114
1;JZ;168;a;208;312;NA;206;2008;114
1;JZ;170;a;208;312;NA;208;1326;114
1;JZ;168;a;208;323;NA;218;2138;114
1;JZ;166;a;208;323;NA;224;2088;114
1;JZ;160;a;211;310;NA;224;1938;114
2;KA;136;a;190;282;190;196;1706;100
2;KA;137;a;190;282;190;196;1706;100
2;KA;138;a;190;282;190;196;1758;100
2;KA;140;a;191;293;85;NA;1708;NA
2;KA;142;a;194;300;176;NA;1823;104
2;KA;143;a;194;300;178;NA;1821;105
2;KA;141;a;194;300;180;NA;1767;NA
2;KA;144;a;195;292;182;NA;1750;104
2;KA;146;a;195;296;188;NA;1885;107
2;KA;134;a;198;295;NA;188;1787;102
2;KA;150;a;198;306;200;NA;1993;110
2;KA;151;a;198;311;195;NA;1953;105
2;KA;149;a;205;295;195;NA;1200;105
2;KA;161;a;205;310;NA;NA;2104;NA
2;KA;139;a;NA;297;202;NA;1752;NA
2;KB;143;a;224;320;NA;206;2224;112
1;KC;582;b;223;337;210;NA;2650;119
1;KC;582;b;225;350;224;300;2699;119
1;KC;575;b;231;351;234;213;2610;NA
1;KC;585;b;233;340;234;300;2718;119
1;KD;217;a;213;307;NA;267;2090;112
2;KE;372;a;240;349;NA;NA;2736;NA
1;KF;467;b;218;328;NA;201;2200;107
1;KG;485;a;218;327;NA;310;2250;109
1;KG;484;a;218;333;NA;310;2377;103
1;KG;489;a;218;334;NA;310;2375;109
1;KG;488;a;218;335;NA;310;2360;109
1;KG;484;a;218;335;NA;310;2378;109
1;KG;490;a;218;337;NA;310;2301;109
1;KG;492;a;220;340;NA;310;2471;109
1;KH;510;b;220;315;206;NA;2390;115
1;KH;510;b;220;320;210;300;2380;113
1;KH;513;b;220;324;223;300;2500;117
1;KH;513;b;220;327;207;307;2500;118
1;KH;503;b;221;323;203;216;2501;NA
1;KI;460;a;215;323;226;290;2486;108
1;KI;463;a;215;333;220;287;2423;112
1;KI;453;a;218;315;208;196;2257;NA
1;KI;463;a;218;330;230;279;2423;111
1;KI;459;a;220;325;220;NA;2388;108
1;KJ;167;a;220;311;NA;305;2113;100
1;KJ;171;a;220;315;NA;305;2200;100
1;KJ;168;a;220;317;NA;305;2215;100
1;KJ;172;a;220;320;NA;305;2135;100
1;KJ;171;a;220;324;NA;305;2140;100
1;KJ;174;a;222;NA;NA;305;2181;NA
1;KK;124;a;200;302;NA;283;1840;99
1;KK;119;a;200;302;NA;283;1842;99
1;KK;120;a;200;307;NA;283;1901;99
1;KK;123;a;200;308;NA;283;1986;99
1;KK;124;a;200;311;NA;283;1990;99
1;KK;127;a;203;NA;NA;283;1974;NA
1;KL;122;a;196;287;NA;206;1634;112
1;KL;117;a;196;292;NA;198;1653;107
1;KL;120;a;196;292;NA;203;1707;107
1;KL;129;a;196;297;NA;206;1820;117
1;KL;119;a;196;302;NA;206;1784;107
1;KL;120;a;196;302;NA;211;1566;109
1;KL;127;a;198;300;NA;203;1492;104
1;KL;127;a;198;300;NA;211;1768;114
1;KL;133;a;201;300;NA;224;1862;117
1;KL;126;a;201;302;NA;211;1806;114
1;KL;141;a;203;300;NA;206;1894;117
1;KL;134;a;203;300;NA;208;1912;114
1;KL;140;a;203;300;NA;208;1912;114
1;KL;142;a;203;300;NA;208;1852;117
1;KL;132;a;203;300;NA;213;1854;114
1;KL;136;a;203;302;NA;305;1832;114
1;KL;131;a;203;305;NA;208;1952;117
1;KL;137;a;206;300;NA;213;1892;114
1;KL;135;a;206;302;NA;203;1774;112
1;KL;139;a;206;302;NA;208;1901;102
1;KL;138;a;208;300;NA;208;1906;114
2;KM;110;a;196;282;NA;185;1675;102
2;KM;109;a;196;282;NA;193;1602;102
2;KM;105;a;196;282;NA;196;1518;102
2;KM;115;a;196;284;NA;201;1627;99
2;KM;107;a;196;292;NA;193;1626;102
2;KM;108;a;196;292;NA;201;1655;102
2;KM;117;a;198;290;NA;206;1555;102
2;KM;120;a;201;284;NA;203;1661;97
2;KM;114;a;201;287;NA;201;1588;99
2;KM;119;a;201;287;NA;203;1639;97
2;KM;115;a;201;290;NA;201;1584;99
2;KM;125;a;203;290;NA;196;1786;102
2;KM;121;a;203;292;NA;198;1742;97
2;KM;130;a;203;295;NA;208;1861;97
2;KM;129;a;203;295;NA;208;1917;99
2;KM;124;a;206;282;NA;206;1712;99
2;KM;123;a;206;292;NA;203;1698;102
2;KM;122;a;206;292;NA;206;1694;102
2;KM;128;a;206;297;NA;211;1852;104
2;KM;126;a;206;300;NA;206;1786;102
2;KM;127;a;208;295;NA;206;1616;102
2;KN;94;a;147;278;168;173;1510;100
2;KN;92;a;147;278;168;173;1516;100
2;KN;93;a;147;278;168;173;1554;100
2;KN;96;a;196;290;114;NA;1544;NA
2;KN;97;a;197;285;170;NA;1557;NA
2;KN;98;a;197;290;170;NA;1563;112
2;KN;103;a;197;291;172;NA;1580;113
2;KN;100;a;197;299;160;NA;1582;100
2;KN;105;a;198;290;175;NA;1680;113
2;KN;99;a;198;291;170;NA;1593;112
2;KN;107;a;201;208;180;NA;1664;101
2;KN;107;a;204;295;177;NA;1715;105
2;KN;95;a;NA;290;170;NA;1553;NA
1;KO;87;a;178;264;175;NA;1315;NA
1;KO;89;a;178;265;161;NA;1201;100
1;KO;88;a;179;261;159;NA;1203;NA
1;KO;90;a;179;262;161;NA;1206;101
1;KO;81;a;180;272;NA;165;1321;94
1;KO;96;a;180;280;165;NA;1261;95
1;KO;83;a;181;270;153;157;1243;95
1;KO;84;a;181;270;153;157;1243;95
1;KO;85;a;181;270;153;157;1308;95
1;KO;93;a;182;257;155;NA;1313;99
1;KO;98;a;182;275;161;NA;1329;98
1;KO;91;a;185;255;157;NA;1274;99
1;KO;98;a;185;263;153;NA;1290;185
1;KO;86;a;NA;263;159;NA;1280;NA
2;KP;90;a;173;249;NA;175;1105;91
2;KP;96;a;173;260;177;NA;1232;NA
2;KP;93;a;176;250;160;178;1179;97
2;KP;92;a;176;250;160;178;1196;97
2;KP;94;a;176;250;160;178;1268;97
2;KP;98;a;177;262;171;NA;1274;101
2;KP;99;a;177;264;172;NA;1283;101
2;KP;97;a;177;265;172;NA;1306;NA
2;KP;100;a;179;265;162;NA;1283;98
2;KP;106;a;180;264;170;NA;1351;99
2;KP;105;a;180;265;175;NA;1515;95
2;KP;107;a;181;270;166;NA;1327;100
2;KP;118;a;186;271;NA;NA;1386;NA
2;KP;102;a;197;267;177;NA;1386;99
2;KP;95;a;NA;168;NA;NA;1267;NA
2;KQ;82;a;178;259;NA;173;1201;94
2;KQ;85;a;180;268;166;180;1261;93
2;KQ;86;a;180;268;166;180;1283;93
2;KQ;84;a;180;268;166;180;1302;93
2;KQ;92;a;180;269;173;NA;1363;92
2;KQ;88;a;183;273;171;NA;1297;NA
2;KQ;90;a;183;275;162;NA;1335;97
2;KQ;91;a;183;276;162;NA;1343;98
2;KQ;89;a;183;281;162;NA;1359;NA
2;KQ;94;a;184;268;160;NA;1359;94
2;KQ;96;a;185;265;160;NA;1355;95
2;KQ;98;a;185;280;160;NA;1346;95
2;KQ;110;a;191;293;NA;NA;1516;NA
2;KQ;98;a;192;267;161;NA;1334;91
2;KQ;87;a;NA;265;162;NA;1292;NA
2;KR;137;b;198;294;NA;269;1631;95
2;KR;141;b;198;295;NA;269;1713;95
2;KR;136;b;198;300;NA;269;1680;95
2;KR;140;b;198;300;NA;269;1825;95
2;KR;141;b;198;300;NA;269;1840;95
2;KR;144;b;200;NA;NA;270;1870;NA
2;KS;83;a;173;241;NA;168;1106;89
2;KS;80;a;173;246;NA;165;1041;84
2;KS;82;a;173;257;NA;175;1145;86
2;KS;84;a;175;246;NA;170;995;91
2;KS;91;a;175;246;NA;178;1195;97
2;KS;85;a;175;249;NA;170;1125;91
2;KS;92;a;175;267;NA;183;1250;94
2;KS;90;a;180;267;NA;173;1205;91
2;KS;89;a;180;269;NA;173;1187;91
2;KS;100;a;183;262;NA;183;1338;97
2;KS;98;a;185;264;NA;183;1294;94
2;KS;94;a;185;267;NA;178;1329;97
2;KS;102;a;185;267;NA;188;1318;94
2;KS;99;a;185;267;NA;188;1296;97
2;KS;97;a;185;269;NA;188;1356;94
2;KS;95;a;185;279;NA;178;1283;97
2;KS;101;a;188;262;NA;183;1314;97
2;KS;105;a;188;264;NA;183;1318;97
2;KS;104;a;188;269;NA;173;1372;91
2;KS;103;a;188;269;NA;183;1336;94
2;KS;96;a;188;269;NA;183;1282;99
1;KT;95;a;175;251;NA;175;1242;94
1;KT;87;a;178;254;NA;175;1256;94
1;KT;67;a;178;257;NA;175;1161;89
1;KT;75;a;180;249;NA;180;1173;91
1;KT;70;a;180;257;NA;178;1223;91
1;KT;82;a;180;259;NA;173;1145;91
1;KT;69;a;180;259;NA;175;1223;91
1;KT;85;a;180;262;NA;165;1189;91
1;KT;70;a;183;254;NA;211;1201;91
1;KT;85;a;183;259;NA;170;1173;94
1;KT;81;a;183;259;NA;175;1183;91
1;KT;77;a;183;262;NA;178;1220;91
1;KT;79;a;183;264;NA;173;1160;91
1;KT;72;a;183;267;NA;251;1211;91
1;KT;83;a;185;249;NA;165;1214;91
1;KT;92;a;185;257;NA;180;1226;94
1;KT;76;a;185;259;NA;196;1205;91
1;KT;84;a;185;262;NA;170;1189;91
1;KT;96;a;185;262;NA;178;1302;94
1;KT;94;a;185;264;NA;175;1218;94
1;KT;88;a;188;267;NA;170;1271;97
1;KU;83;a;166;260;147;NA;1179;NA
1;KU;79;a;168;251;161;173;1123;87
1;KU;81;a;168;251;161;173;1133;87
1;KU;80;a;168;251;161;173;1654;87
1;KU;85;a;170;260;154;NA;1191;92
1;KU;89;a;170;260;157;NA;1266;95
1;KU;86;a;170;261;153;NA;1199;93
1;KU;84;a;171;255;153;NA;1164;NA
1;KU;87;a;174;263;149;NA;1222;88
1;KU;94;a;174;270;150;NA;1310;90
1;KU;94;a;175;257;150;NA;1283;100
1;KU;92;a;176;271;172;NA;1335;99
2;KV;78;a;174;251;161;NA;1143;NA
2;KV;80;a;175;247;160;NA;1215;90
2;KV;79;a;176;241;151;NA;1149;NA
2;KV;76;a;176;244;155;140;1136;88
2;KV;74;a;176;244;155;140;1140;88
2;KV;75;a;176;244;155;140;1140;88
2;KV;81;a;176;250;160;NA;1219;90
2;KV;82;a;180;285;157;NA;1222;94
2;KV;89;a;180;296;158;NA;1292;98
2;KV;84;a;182;266;164;NA;1271;93
2;KV;89;a;184;265;171;NA;1316;97
2;KV;87;a;185;261;162;NA;1310;90
2;KV;77;a;NA;255;154;NA;1123;NA
2;KW;61;a;165;239;NA;160;949;86
2;KW;67;a;165;254;151;NA;1029;NA
2;KW;65;a;170;240;163;137;1001;86
2;KW;63;a;170;240;163;137;1013;86
2;KW;64;a;170;240;163;137;1032;86
2;KW;68;a;170;242;150;NA;1036;NA
2;KW;73;a;170;242;150;NA;1024;90
2;KW;69;a;170;242;151;NA;1024;90
2;KW;70;a;170;245;152;NA;1040;90
2;KW;76;a;170;245;155;NA;1225;90
2;KW;71;a;170;246;147;NA;1056;90
2;KW;78;a;176;260;154;NA;1206;91
2;KW;78;a;176;260;160;NA;1185;90
2;KX;75;a;175;259;166;NA;1228;91
1;KY;280;b;201;300;NA;295;1970;109
1;KY;281;b;201;306;NA;295;2015;109
1;KY;285;b;201;310;NA;295;2109;109
1;KY;285;b;201;310;NA;295;2190;109
1;KY;284;b;201;313;NA;295;2165;109
1;KY;288;b;203;NA;NA;295;2201;NA
1;KZ;95;a;193;277;NA;185;1593;102
1;LA;543;b;211;299;NA;NA;1967;NA
1;LA;515;b;213;305;NA;226;1954;112
1;LB;453;a;226;343;201;NA;2404;112
1;LB;457;a;226;345;233;297;2450;110
1;LB;456;a;231;340;210;297;2450;97
1;LB;446;a;231;340;216;198;2411;NA
1;LB;454;a;234;351;220;270;2481;104
2;LC;407;b;239;351;NA;221;3235;119
2;LD;341;a;225;325;NA;226;2394;117
2;LE;338;a;224;343;NA;226;2840;114
2;LF;340;a;231;330;NA;231;2435;122
1;LG;743;b;239;351;NA;231;2779;122
1;LH;210;a;223;323;NA;294;2342;103
1;LH;209;a;223;325;NA;294;2342;108
1;LH;217;a;223;332;NA;294;2461;103
1;LH;216;a;223;335;NA;294;2430;103
1;LH;215;a;223;337;NA;294;2485;103
1;LH;214;a;223;338;NA;294;2480;103
1;LH;211;a;223;341;NA;294;2550;103
2;LI;170;a;201;320;186;NA;1905;102
2;LI;174;a;201;322;200;NA;2057;108
2;LI;168;a;202;299;188;NA;1820;NA
2;LI;169;a;202;320;185;NA;1884;NA
2;LI;171;a;202;321;188;NA;1907;104
2;LI;166;a;203;300;183;221;1738;97
2;LI;165;a;203;300;183;221;1754;97
2;LI;165;a;203;300;183;221;1819;97
2;LI;177;a;206;329;200;NA;1995;107
2;LI;179;a;209;320;200;NA;2059;110
2;LI;179;a;210;320;200;NA;2067;107
2;LI;190;a;217;318;NA;NA;2076;NA
2;LJ;173;a;222;310;NA;213;1947;109
1;LK;153;a;193;272;173;208;1563;113
1;LK;152;a;193;272;173;208;1580;113
1;LK;154;a;193;272;173;NA;1632;113
1;LK;156;a;193;277;180;NA;1574;NA
1;LK;166;a;194;278;169;NA;1845;100
1;LK;164;a;194;280;177;NA;1682;117
1;LK;162;a;195;274;173;NA;1572;102
1;LK;149;a;195;286;173;NA;1660;103
1;LK;166;a;198;271;172;NA;1670;102
1;LK;158;a;198;282;176;NA;1549;107
1;LK;159;a;198;284;176;NA;1583;108
1;LK;157;a;198;285;176;NA;1637;NA
1;LK;177;a;202;281;NA;NA;1779;NA
1;LK;151;a;203;277;NA;NA;1513;97
1;LK;155;a;NA;273;NA;NA;1594;NA
1;LL;140;a;193;292;NA;188;1636;109
1;LL;141;a;193;292;NA;188;1671;109
1;LL;131;a;196;287;NA;185;1541;97
1;LL;136;a;196;295;NA;185;1662;104
1;LL;142;a;196;305;NA;193;1760;109
1;LL;133;a;198;297;NA;191;1673;102
1;LL;134;a;198;297;NA;191;1474;104
1;LL;134;a;198;297;NA;191;1636;104
1;LL;141;a;201;287;NA;196;1587;107
1;LL;145;a;201;297;NA;206;1798;109
1;LL;154;a;201;312;NA;196;1784;109
1;LL;148;a;203;292;NA;196;1694;107
1;LL;151;a;203;295;NA;196;1714;107
1;LL;147;a;203;300;NA;196;1716;109
1;LL;149;a;203;300;NA;201;1682;107
1;LL;155;a;203;300;NA;208;1895;109
1;LL;149;a;203;302;NA;193;1703;109
1;LL;146;a;203;305;NA;201;1682;109
1;LL;152;a;206;315;NA;206;1842;109
1;LL;152;a;208;302;NA;208;1786;107
1;LL;156;a;211;310;NA;201;1937;107
1;LM;143;a;199;282;NA;266;1590;98
1;LM;142;a;199;286;NA;266;1610;98
1;LM;147;a;199;290;NA;266;1635;98
1;LM;146;a;199;298;NA;266;1631;98
1;LM;147;a;199;299;NA;266;1635;98
1;LM;150;a;201;NA;NA;267;1657;NA
2;LN;118;a;199;293;NA;269;1775;97
2;LN;123;a;199;303;NA;269;1904;97
2;LN;122;a;199;304;NA;269;1955;97
2;LN;119;a;199;310;NA;269;1901;97
2;LN;123;a;199;313;NA;269;1950;97
2;LN;125;a;204;NA;NA;269;1960;NA
2;LO;99;a;198;274;173;183;1564;NA
2;LO;105;a;198;287;180;NA;1620;99
2;LO;106;a;199;280;188;230;1601;100
2;LO;109;a;199;283;160;241;1625;89
2;LO;109;a;201;278;181;250;1625;97
1;LP;100;a;178;269;NA;175;1240;91
1;LQ;101;a;213;262;NA;165;1235;89
2;LR;129;a;193;272;NA;271;1510;92
2;LR;130;a;193;273;NA;271;1511;92
2;LR;136;a;193;275;NA;271;1543;92
2;LR;131;a;193;275;NA;271;1580;92
2;LR;134;a;193;290;NA;271;1657;92
2;LR;135;a;193;292;NA;271;1660;92
2;LR;137;a;196;NA;NA;271;1730;NA
2;LS;146;a;203;304;NA;175;1654;104
2;LT;150;a;203;307;NA;183;2054;112
2;LU;144;a;229;330;NA;201;2236;104
2;LV;163;a;208;309;NA;307;2163;103
2;LV;163;a;208;309;NA;307;2250;103
2;LV;158;a;208;312;NA;307;2022;103
2;LV;162;a;208;312;NA;307;2245;103
2;LV;159;a;208;314;NA;307;2102;103
2;LV;165;a;211;NA;NA;308;2297;NA
1;LW;143;a;203;282;NA;198;1620;107
2;LX;132;a;185;265;NA;170;1285;94
2;LY;130;a;203;284;NA;193;1807;109
2;LZ;131;a;206;279;NA;203;1674;107
1;MA;100;a;168;250;160;NA;1206;NA
1;MA;101;a;168;251;170;NA;1250;94
1;MA;102;a;168;252;170;NA;1253;94
1;MA;97;a;170;240;156;150;1187;94
1;MA;95;a;170;240;156;150;1206;94
1;MA;96;a;170;240;156;150;1206;94
1;MA;99;a;170;248;184;NA;1195;NA
1;MA;107;a;171;255;173;NA;1275;95
1;MA;103;a;172;252;172;NA;1236;93
1;MA;105;a;172;257;178;NA;1294;94
1;MA;93;a;173;239;NA;183;1187;91
1;MA;109;a;173;252;171;NA;1246;91
1;MA;109;a;174;245;168;NA;1231;95
1;MA;120;a;182;250;NA;NA;1382;NA
1;MA;98;a;NA;247;164;NA;1202;NA
1;MB;100;a;175;251;180;NA;1198;NA
1;MB;94;a;175;257;NA;178;1271;91
1;MB;104;a;176;266;163;NA;1380;92
1;MB;106;a;179;264;168;NA;1411;92
1;MB;110;a;180;267;180;NA;1387;96
1;MB;102;a;181;247;170;NA;1351;91
1;MB;111;a;182;269;165;NA;1356;95
1;MB;101;a;183;250;160;NA;1322;NA
1;MB;103;a;183;250;171;NA;1354;90
1;MB;121;a;184;270;NA;NA;1458;NA
1;MB;109;a;185;270;175;NA;1415;95
1;MB;96;a;188;255;155;163;1333;91
1;MB;97;a;188;255;155;163;1333;91
1;MB;98;a;188;255;155;163;1340;91
1;MB;99;a;NA;261;165;NA;1338;NA
1;MC;711;a;210;322;202;260;2245;105
1;MC;703;a;221;333;NA;206;2359;NA
1;MC;709;a;221;340;201;NA;2286;117
1;MD;710;a;216;320;NA;226;2586;119
1;MD;710;a;218;320;NA;236;2523;122
1;MD;714;a;218;320;NA;251;2580;122
1;MD;710;a;218;325;NA;229;2574;124
1;MD;711;a;218;330;NA;239;2572;122
1;MD;703;a;218;333;NA;244;2585;124
1;MD;709;a;221;312;NA;231;2438;122
1;MD;697;a;221;323;NA;213;2535;122
1;MD;699;a;221;323;NA;226;2488;122
1;MD;708;a;221;323;NA;226;2504;124
1;MD;712;a;221;323;NA;234;2563;117
1;MD;696;a;221;325;NA;231;2547;122
1;MD;695;a;221;325;NA;244;2556;122
1;MD;694;a;221;330;NA;239;2435;119
1;MD;702;a;221;335;NA;241;2586;122
1;MD;713;a;224;315;NA;241;2542;127
1;MD;712;a;224;325;NA;239;2543;122
1;MD;711;a;224;330;NA;226;2554;122
1;MD;709;a;226;325;NA;241;2495;119
1;MD;704;a;226;328;NA;239;2582;117
1;MD;705;a;226;330;NA;239;2575;117
1;ME;724;a;207;300;201;NA;2013;112
1;ME;714;a;211;294;192;NA;1992;NA
1;ME;718;a;211;295;193;NA;1957;112
1;ME;710;a;214;303;200;198;2108;112
1;ME;712;a;214;303;200;198;2130;112
1;ME;711;a;214;303;200;198;2536;112
1;ME;716;a;216;294;192;NA;1989;113
1;ME;717;a;216;295;194;NA;1999;113
1;ME;720;a;216;304;200;NA;2013;110
1;ME;722;a;217;298;200;NA;2250;110
1;ME;707;a;218;302;NA;213;2012;112
1;ME;715;a;220;305;200;NA;2038;NA
1;ME;724;a;239;327;201;NA;2317;110
1;ME;713;a;NA;303;208;NA;2112;NA
1;MF;684;a;236;335;NA;229;2624;130
1;MG;658;a;206;315;111;NA;2300;116
1;MG;656;a;206;320;110;NA;2095;117
1;MG;647;a;207;313;200;NA;2116;NA
1;MG;651;a;209;307;193;NA;2065;112
1;MG;653;a;209;316;190;NA;2056;375
1;MG;658;a;210;314;140;NA;2083;110
1;MG;649;a;210;315;190;NA;2094;110
1;MG;650;a;210;316;190;NA;2098;110
1;MG;648;a;210;320;190;NA;2110;NA
1;MG;645;a;211;313;215;236;2093;109
1;MG;643;a;211;313;215;236;2105;109
1;MG;644;a;211;313;215;236;2119;109
1;MH;91;a;163;257;NA;175;1080;91
1;MH;97;a;168;257;NA;168;1129;99
1;MH;84;a;173;249;NA;163;1217;89
1;MH;81;a;173;249;NA;168;1084;91
1;MH;82;a;173;249;NA;168;1104;91
1;MH;82;a;173;251;NA;173;1119;89
1;MH;89;a;173;259;NA;163;1145;89
1;MH;79;a;173;267;NA;170;1039;91
1;MH;88;a;175;254;NA;183;1078;89
1;MH;93;a;175;262;NA;173;1138;89
1;MH;95;a;175;269;NA;170;1172;91
1;MH;101;a;178;244;NA;180;1219;97
1;MH;96;a;178;257;NA;173;1082;94
1;MH;99;a;178;259;NA;170;1181;97
1;MH;94;a;178;262;NA;173;1093;97
1;MH;100;a;178;267;NA;175;1202;117
1;MH;89;a;178;267;NA;178;1165;89
1;MH;103;a;180;277;NA;180;1390;94
1;MH;102;a;180;277;NA;198;1283;99
1;MH;98;a;183;257;NA;165;1138;91
1;MH;104;a;183;274;NA;175;1292;94
2;MI;70;a;163;246;NA;157;1026;86
2;MI;77;a;169;250;171;NA;1091;NA
2;MI;73;a;170;245;150;152;1049;87
2;MI;74;a;170;245;150;152;1072;87
2;MI;75;a;170;245;150;152;1090;87
2;MI;87;a;171;253;154;NA;1142;92
2;MI;81;a;171;254;147;NA;1079;90
2;MI;78;a;173;250;145;NA;1086;NA
2;MI;79;a;173;254;156;NA;1305;88
2;MI;87;a;173;255;141;NA;1149;91
2;MI;83;a;173;255;158;NA;1317;85
2;MI;80;a;174;255;156;NA;1310;88
2;MI;76;a;NA;248;152;NA;1088;NA
2;MI;86;a;NA;250;150;NA;1540;90
1;MJ;63;a;161;239;NA;147;883;84
2;MK;69;a;174;267;NA;160;1113;93
1;ML;73;a;178;249;NA;178;1312;91
1;ML;71;a;178;251;NA;188;1329;94
1;ML;68;a;178;259;NA;180;1237;94
1;ML;69;a;178;259;NA;183;1308;94
1;ML;78;a;178;264;NA;183;1370;104
1;ML;70;a;180;259;NA;183;1353;94
1;ML;80;a;180;264;NA;183;1365;94
1;ML;76;a;183;269;NA;180;1332;94
1;ML;84;a;183;279;NA;193;1443;97
1;ML;77;a;185;267;NA;183;1354;94
1;ML;83;a;185;274;NA;196;1479;99
1;ML;82;a;185;274;NA;196;1482;99
1;ML;88;a;188;274;NA;201;1618;97
1;ML;84;a;188;279;NA;188;1544;97
1;ML;86;a;188;279;NA;191;1516;99
1;ML;88;a;188;284;NA;188;1568;97
1;ML;87;a;191;282;NA;191;1404;99
1;ML;89;a;191;282;NA;206;1558;99
1;ML;90;a;191;295;NA;188;1682;97
1;ML;88;a;193;284;NA;196;1442;99
1;ML;91;a;196;297;NA;193;1682;99
1;MM;53;a;152;238;140;NA;897;NA
1;MM;55;a;155;230;141;NA;867;80
1;MM;56;a;155;232;141;NA;871;81
1;MM;54;a;155;232;143;NA;894;NA
1;MM;62;a;155;250;146;NA;930;85
1;MM;57;a;156;223;147;NA;864;84
1;MM;64;a;156;229;140;NA;869;85
1;MM;51;a;156;230;180;160;799;82
1;MM;49;a;156;230;180;160;871;82
1;MM;50;a;156;230;180;160;871;82
1;MM;63;a;158;230;145;NA;895;158
1;MM;59;a;159;230;145;NA;885;82
1;MM;52;a;NA;222;142;NA;832;NA
2;MN;55;a;170;244;NA;173;934;86
2;MN;56;a;173;246;NA;168;1002;89
2;MN;57;a;175;244;NA;183;1216;91
2;MN;57;a;175;249;NA;157;1027;89
2;MN;59;a;178;259;NA;183;1278;102
2;MN;63;a;178;262;NA;168;1202;89
2;MN;62;a;178;269;NA;165;1134;91
2;MN;63;a;178;269;NA;170;1218;94
2;MN;60;a;180;264;NA;185;1288;91
2;MN;61;a;180;264;NA;188;1254;97
2;MN;65;a;180;269;NA;173;1246;86
2;MN;66;a;183;262;NA;180;1234;89
2;MO;55;a;170;244;NA;165;962;89
2;MO;57;a;173;259;NA;160;1102;84
2;MO;58;a;173;264;NA;160;1297;91
2;MO;57;a;173;274;NA;168;1218;84
2;MO;55;a;175;244;NA;178;1172;94
2;MO;53;a;178;244;NA;178;1097;89
2;MO;54;a;178;246;NA;178;1112;89
2;MO;60;a;180;269;NA;188;1358;97
2;MO;61;a;180;272;NA;185;1487;99
2;MO;63;a;183;269;NA;185;1504;94
2;MO;61;a;183;274;NA;188;1417;97
2;MO;64;a;185;272;NA;188;1482;97
2;MP;57;a;182;276;NA;NA;1436;NA
2;MQ;37;a;154;NA;NA;NA;742;NA
1;MR;66;a;172;249;NA;NA;1121.5;NA
1;MS;669;b;221;343;NA;251;2561;119
1;MS;673;b;224;333;NA;264;2678;124
1;MS;668;b;224;343;NA;244;2485;127
1;MS;671;b;224;343;NA;251;2510;122
1;MS;659;b;224;348;NA;244;2602;119
1;MS;664;b;226;330;NA;236;2667;122
1;MS;674;b;226;330;NA;262;2563;124
1;MS;675;b;226;333;NA;254;2548;124
1;MS;667;b;226;335;NA;249;2448;122
1;MS;676;b;226;335;NA;249;2718;122
1;MS;662;b;226;340;NA;234;2698;122
1;MS;662;b;226;343;NA;234;2554;122
1;MS;676;b;226;343;NA;249;2597;124
1;MS;677;b;226;343;NA;257;2592;122
1;MS;661;b;226;348;NA;246;2645;122
1;MS;680;b;229;335;NA;244;2583;122
1;MS;679;b;229;340;NA;246;2608;122
1;MT;602;b;205;326;195;NA;2910;108
1;MT;597;b;222;322;200;NA;2393;120
1;MT;600;b;223;315;193;NA;2173;114
1;MT;593;b;224;340;200;NA;2425;NA
1;MT;595;b;225;334;213;NA;2913;115
1;MT;594;b;225;335;215;NA;2920;NA
1;MT;596;b;225;335;215;NA;2923;115
1;MT;604;b;226;330;203;NA;2367;122
1;MT;615;b;226;340;NA;NA;2511;NA
1;MT;591;b;227;348;200;224;2417;116
1;MT;590;b;227;348;200;224;2474;116
1;MT;590;b;227;348;200;224;2498;116
1;MU;855;b;226;343;NA;234;2675;122
2;MV;594;a;239;335;NA;236;2901;127
2;MW;620;a;257;381;NA;267;3918;137
2;MW;622;a;257;391;NA;269;3383;142
2;MW;626;a;259;325;NA;269;3682;137
2;MW;624;a;259;384;NA;287;3908;142
2;MW;623;a;259;389;NA;279;3732;142
2;MW;628;a;259;401;NA;267;3862;140
2;MW;618;a;262;361;NA;269;3877;130
2;MW;608;a;262;381;NA;246;3635;132
2;MW;609;a;262;384;NA;246;3782;132
2;MW;607;a;262;384;NA;262;3763;132
2;MW;621;a;262;384;NA;269;3807;137
2;MW;606;a;262;386;NA;262;3742;132
2;MW;615;a;262;389;NA;282;3780;135
2;MW;614;a;262;391;NA;254;3660;132
2;MW;629;a;262;391;NA;274;3662;137
2;MW;630;a;262;391;NA;277;3682;140
2;MW;605;a;262;396;NA;264;3865;132
2;MW;613;a;262;401;NA;264;3597;132
2;MW;619;a;264;391;NA;284;3644;135
2;MW;625;a;264;391;NA;284;3854;135
2;MW;616;a;264;396;NA;267;3695;132
2;MX;722;a;251;355;232;NA;3246;135
2;MX;708;a;252;359;285;267;3182;132
2;MX;709;a;252;359;285;267;3239;132
2;MX;708;a;252;359;285;267;3244;132
2;MX;711;a;253;361;258;NA;3336;NA
2;MX;713;a;254;359;254;NA;3357;140
2;MX;717;a;254;360;246;NA;3334;132
2;MX;712;a;255;360;250;NA;3317;NA
2;MX;715;a;255;361;255;NA;3358;140
2;MX;722;a;255;364;255;NA;3357;140
2;MX;715;a;256;357;252;NA;3155;129
2;MX;720;a;NA;359;265;NA;3325;136
2;MY;82;a;175;257;NA;173;1206;94
2;MY;94;a;175;259;160;NA;1226;92
2;MY;90;a;175;259;160;NA;1225;92
2;MY;96;a;175;260;165;NA;1335;90
2;MY;91;a;175;266;160;NA;1219;92
2;MY;89;a;175;270;160;NA;1230;NA
2;MY;86;a;178;262;163;157;1169;94
2;MY;85;a;178;262;163;157;1180;94
2;MY;84;a;178;262;163;157;1248;94
2;MY;88;a;181;261;157;NA;1251;NA
2;MY;98;a;186;270;156;NA;1309;97
2;MY;92;a;188;260;167;NA;1251;94
2;MY;98;a;191;271;171;NA;1349;98
2;MZ;89;a;194;271;NA;262;1310;95
2;MZ;92;a;194;273;NA;262;1567;95
2;MZ;93;a;194;276;NA;262;1580;95
2;MZ;93;a;194;279;NA;262;1391;95
2;MZ;88;a;194;283;NA;262;1483;95
2;MZ;96;a;198;NA;NA;263;1610;NA
2;NA;404;a;246;345;NA;239;3132;124
1;NB;695;b;224;345;NA;231;2737;127
2;NC;199;a;236;335;226;NA;2792;NA
2;NC;201;a;NA;NA;NA;226;2759;NA
1;ND;405;a;231;335;NA;264;2588;99
1;NE;174;a;209;310;NA;283;2107;102
1;NE;169;a;209;312;NA;283;1915;102
1;NE;173;a;209;315;NA;283;2033;102
1;NE;174;a;209;317;NA;283;2040;102
1;NE;170;a;209;326;NA;283;2105;102
1;NE;176;a;211;NA;NA;283;2085;NA
1;NF;127;a;206;297;NA;262;1690;101
1;NF;130;a;206;298;NA;262;1820;101
1;NF;131;a;206;300;NA;262;1730;101
1;NF;131;a;206;300;NA;262;1830;101
1;NF;126;a;206;304;NA;262;1763;101
1;NF;134;a;207;NA;NA;263;1855;NA
2;NG;123;a;201;296;NA;292;1876;104
2;NG;124;a;201;301;NA;292;1910;104
2;NG;128;a;201;309;NA;292;2015;104
2;NG;127;a;201;312;NA;292;2035;104
2;NG;128;a;201;322;NA;292;2050;104
2;NG;130;a;206;NA;NA;292;2070;NA
1;NH;115;a;175;162;154;NA;1297;92
1;NH;107;a;176;255;155;196;1255;82
1;NH;109;a;176;255;155;196;1279;82
1;NH;108;a;176;255;155;196;1309;82
1;NH;111;a;178;265;170;NA;1280;NA
1;NH;104;a;180;249;NA;163;1125;86
1;NH;113;a;180;260;164;NA;1294;92
1;NH;114;a;180;262;165;NA;1297;92
1;NH;112;a;181;260;161;NA;1268;NA
1;NH;117;a;182;251;150;NA;1282;92
1;NH;121;a;182;270;155;NA;1361;95
1;NH;121;a;183;265;161;NA;1374;95
1;NH;119;a;185;260;150;NA;1436;95
1;NH;132;a;190;286;NA;NA;1487;NA
1;NH;110;a;NA;256;150;NA;1261;NA
1;NI;108;a;184;276;164;NA;1436;103
1;NI;107;a;184;279;166;NA;1446;NA
1;NI;109;a;184;279;167;NA;1455;104
1;NI;115;a;187;285;172;NA;1797;95
1;NI;106;a;190;270;167;NA;1382;NA
1;NI;103;a;190;273;171;206;1332;97
1;NI;102;a;190;273;171;206;1353;97
1;NI;104;a;190;273;171;206;1387;97
1;NI;117;a;190;280;180;NA;1473;97
1;NI;113;a;191;277;182;NA;1536;96
1;NI;128;a;192;286;NA;NA;1604;NA
1;NI;116;a;193;273;173;NA;1515;99
1;NI;100;a;203;259;NA;173;1254;91
1;NI;105;a;NA;268;NA;NA;1402;NA
2;NJ;73;a;191;282;191;180;1582;NA
2;NJ;84;a;192;295;190;260;1624;100
2;NJ;81;a;194;282;190;253;1626;94
2;NJ;83;a;194;286;187;260;1624;95
2;NJ;79;a;196;292;196;NA;1714;99
2;NK;93;a;183;255;NA;247;1301;88
2;NK;86;a;183;259;NA;247;1252;88
2;NK;87;a;183;259;NA;247;1252;88
2;NK;88;a;183;269;NA;247;1390;88
2;NK;92;a;183;273;NA;247;1350;88
2;NK;91;a;183;274;NA;247;1342;88
2;NK;94;a;187;277;NA;247;1391;90
1;NL;71;a;173;251;NA;165;1066;86
1;NL;73;a;173;269;NA;180;1188;91
1;NL;73;a;178;251;NA;175;1172;91
1;NL;76;a;180;254;NA;175;1078;91
1;NL;74;a;180;257;NA;173;993;91
1;NL;82;a;183;272;NA;183;1310;97
1;NL;81;a;185;262;NA;185;1075;97
1;NL;80;a;185;262;NA;185;1233;97
1;NL;80;a;185;264;NA;183;1204;94
1;NL;92;a;188;264;NA;191;1294;99
1;NL;87;a;188;267;NA;193;1317;99
1;NL;89;a;188;272;NA;188;1282;99
1;NL;85;a;188;274;NA;188;1375;97
1;NL;86;a;191;251;NA;193;1309;99
1;NL;90;a;191;269;NA;193;1374;99
1;NL;88;a;191;274;NA;191;1282;99
1;NL;91;a;191;277;NA;198;1348;102
1;NL;87;a;191;279;NA;191;1285;99
1;NL;93;a;193;272;NA;188;1374;94
1;NL;94;a;193;272;NA;203;1431;99
1;NL;95;a;196;274;NA;191;1434;99
1;NM;54;a;173;246;NA;157;1004;86
2;NN;72;a;173;239;NA;178;1111;89
2;NN;100;a;188;270;NA;NA;1378;NA
1;NO;220;a;165;233;NA;230;933;81
1;NO;221;a;165;236;NA;230;1003;81
1;NO;225;a;165;237;NA;230;1002;81
1;NO;225;a;165;237;NA;230;1005;81
1;NO;224;a;165;244;NA;230;999;81
1;NO;228;a;167;NA;NA;230;1045;NA
2;NP;59;a;139;250;NA;236;1235;89
2;NP;60;a;179;252;NA;236;1136;89
2;NP;65;a;179;258;NA;236;1220;89
2;NP;66;a;179;260;NA;236;1240;89
2;NP;64;a;179;261;NA;236;1211;89
2;NP;61;a;179;262;NA;236;1221;89
2;NP;67;a;183;NA;NA;239;1290;NA
1;NQ;82;a;160;241;NA;163;992;86
1;NR;95;a;193;274;NA;178;1427;99
1;NS;83;a;194;288;NA;269;1855;97
1;NS;80;a;194;290;NA;269;1538;97
1;NS;84;a;194;290;NA;269;1905;97
1;NS;79;a;194;291;NA;269;1552;97
1;NS;84;a;194;292;NA;269;1695;97
1;NS;87;a;200;NA;NA;269;1790;NA
1;NT;74;a;168;232;NA;160;941;81
2;NU;101;a;182;266;167;NA;1421;104
2;NU;99;a;182;271;161;NA;1447;101
2;NU;91;a;183;254;NA;168;1255;97
2;NU;97;a;184;271;160;NA;1400;NA
2;NU;98;a;184;274;163;NA;1411;NA
2;NU;100;a;184;275;163;NA;1449;101
2;NU;108;a;185;272;171;NA;1536;105
2;NU;108;a;186;292;175;NA;1534;105
2;NU;95;a;188;269;170;188;1385;99
2;NU;94;a;188;269;170;188;1386;99
2;NU;94;a;188;269;170;188;1395;99
2;NU;104;a;188;270;162;NA;1447;105
2;NU;119;a;195;290;NA;NA;1699;NA
2;NU;106;a;197;270;169;NA;1525;100
2;NU;96;a;NA;260;165;NA;1413;NA
1;NV;119;a;188;275;181;NA;1501;NA
1;NV;113;a;191;277;NA;193;1426;97
1;NV;123;a;191;278;168;NA;1500;98
1;NV;115;a;192;266;183;173;1446;97
1;NV;116;a;192;266;183;173;1446;97
1;NV;117;a;192;266;183;173;1457;97
1;NV;125;a;193;284;172;NA;1578;99
1;NV;127;a;194;279;168;NA;1514;100
1;NV;129;a;195;280;185;NA;1584;97
1;NV;121;a;196;273;160;NA;1511;100
1;NV;122;a;196;275;162;NA;1515;100
1;NV;120;a;198;273;162;NA;1494;NA
1;NV;129;a;199;290;192;NA;1587;91
1;NV;140;a;202;290;NA;NA;1635;NA
1;NV;118;a;NA;275;161;NA;1433;NA
2;NW;115;a;190;268;165;168;1524;95
2;NW;116;a;190;268;165;168;1524;95
2;NW;117;a;190;268;165;168;1575;95
2;NW;112;a;196;290;NA;188;1505;99
2;NX;93;a;NA;188;NA;178;1475;91
2;NY;104;a;199;290;NA;274;1594;93
2;NY;108;a;199;293;NA;274;1762;93
2;NY;109;a;199;295;NA;274;1650;93
2;NY;105;a;199;296;NA;274;1650;93
2;NY;109;a;199;300;NA;274;1755;93
2;NY;112;a;202;NA;NA;275;1804;NA
1;NZ;92;a;178;257;NA;175;1235;91
2;OA;37;a;175;278;NA;168;1388;94
2;OB;124;a;205;290;NA;286;1900;98
2;OB;125;a;205;292;NA;286;1701;98
2;OB;126;a;205;304;NA;286;1820;98
2;OB;130;a;205;310;NA;286;1920;98
2;OB;129;a;205;324;NA;286;1871;98
2;OB;130;a;205;325;NA;286;1880;98
2;OB;132;a;209;NA;NA;286;1962;NA
2;OC;176;a;229;335;NA;329;2867;123
2;OC;171;a;229;336;NA;329;2764;123
2;OC;175;a;229;336;NA;329;2871;123
2;OC;172;a;229;340;NA;329;3026;123
2;OC;176;a;229;343;NA;329;3040;123
2;OC;178;a;234;NA;NA;329;2920;NA
2;OD;217;a;224;330;NA;NA;2619;NA
1;OE;411;b;187;302;NA;207;1857;102
2;OF;335;a;221;351;NA;218;2505;117
2;OF;363;a;221;355;NA;NA;2634;NA
2;OG;311;a;220;315;NA;224;2304;117
2;OH;360;a;232;345;NA;NA;2839;NA
1;OI;223;a;203;292;NA;201;1795;99
2;OJ;201;b;223;334;226;287;2583;104
2;OJ;191;b;224;330;201;239;2373;NA
2;OJ;197;b;226;340;216;NA;2547;117
2;OJ;198;b;227;345;214;290;2648;116
2;OJ;202;b;229;328;215;310;2583;110
1;OK;395;b;218;325;191;NA;2280;NA
1;OK;397;b;NA;NA;NA;203;2235;NA
2;OL;108;a;203;274;NA;183;1614;94
2;OM;117;a;194;275;NA;267;1366;86
2;OM;122;a;194;275;NA;267;1404;86
2;OM;118;a;194;281;NA;267;2402;86
2;OM;121;a;194;288;NA;267;1583;86
2;OM;122;a;194;291;NA;267;1601;86
2;OM;124;a;198;NA;NA;267;1628;NA
2;ON;178;a;212;310;210;NA;2208;NA
2;ON;179;a;213;311;212;NA;2276;110
2;ON;180;a;213;312;212;NA;2280;111
2;ON;177;a;219;312;210;NA;2200;NA
2;ON;183;a;219;328;213;NA;2450;113
2;ON;173;a;220;300;209;221;2032;108
2;ON;175;a;220;300;209;221;2123;108
2;ON;174;a;220;300;209;221;2142;108
2;ON;185;a;220;336;229;NA;2410;115
2;ON;187;a;223;320;220;NA;2444;120
2;ON;187;a;228;330;230;NA;2464;115
2;ON;181;a;257;317;220;NA;2274;112
2;OP;146;a;226;287;NA;196;1604;104
2;OQ;172;a;203;307;185;NA;1917;105
2;OQ;150;a;203;269;NA;208;1896;108
2;OR;310;a;231;338;NA;226;2550;122
1;OS;225;a;224;330;NA;206;2385;119
2;OT;223;a;224;330;221;213;2433;NA
2;OT;234;a;233;351;217;274;2580;112
2;OT;233;a;234;353;245;275;2580;101
2;OT;229;a;236;343;229;NA;2590;117
2;OT;231;a;236;350;233;264;2520;110
2;OV;385;a;229;330;216;213;2353;NA
2;OV;396;a;229;346;227;305;2734;115
2;OV;392;a;230;330;217;NA;2471;114
2;OV;392;a;234;342;216;312;2632;118
2;OV;395;a;239;343;232;300;2734;113
1;OW;208;a;203;292;NA;192;1713;102
1;OX;243;a;219;312;NA;NA;2169;NA
1;OY;110;a;193;274;169;NA;1459;97
1;OZ;214;a;209;297;NA;276;1892;97
1;OZ;215;a;209;298;NA;276;1754;99
1;OZ;212;a;209;301;NA;276;1790;97
1;OZ;209;a;209;301;NA;276;1950;97
1;OZ;213;a;209;303;NA;276;1780;97
2;PA;399;b;229;312;NA;229;2457;113
2;PB;459;b;229;318;NA;208;2136;109
2;PC;336;a;241;361;NA;231;2905;117
1;PD;304;a;203;292;NA;216;1858;104
2;PE;309;a;243;335;NA;234;2709;122
2;PF;312;a;244;356;NA;244;3046;119
1;PG;343;a;221;310;NA;218;2039;107
2;PH;297;a;244;358;NA;218;3129;119
2;PI;292;a;249;361;NA;274;3274;122
1;PJ;292;a;244;335;NA;221;2465;127
1;PK;293;a;207;305;NA;213;1924;108
2;PL;284;a;218;333;NA;218;2268;107
2;PM;312;a;226;335;NA;NA;2538;NA
1;PN;204;a;224;328;NA;224;2434;112
1;PO;259;a;196;280;NA;NA;2964;NA
2;PP;227;a;223;342;NA;NA;2401;NA
2;PQ;191;a;225;335;NA;216;2575;114
