x1,x2
1.4600913337386907,3.7133004189326186
-9.183716094939275,3.6321206986903514
-9.629029211791316,2.5679638100971123
-8.63352840902963,4.22909608598437
-9.637798225971856,2.0730261089295006
-9.53830511397739,2.876127739250483
2.27299985488009,3.2637022883559443
1.073046500474503,0.9392505192596237
-8.119993721848019,3.898636922627183
-8.024023244226166,3.54521432450967
-9.976721004728226,2.3415604925198936
-9.850948547107313,2.760751692351838
-9.489168457296797,4.532587185306138
-9.401597679165603,3.3814063074519893
2.7962169755558746,2.7537025506012918
-9.091495611465952,2.542529490594371
-7.810962389417783,4.3406122292153455
-7.850365934191767,4.464202610264154
0.668078684753127,3.264334782552147
-8.726228249900704,1.8124841232244964
-9.052651090049247,2.087281261543091
-9.190271042943538,1.016476850227589
-7.857786418260813,1.7132070145319342
3.192892377070771,3.5457020736394664
2.1188469757358916,1.9902468773044109
-8.843866338645729,1.3119145863994652
-9.129412167189535,3.584557158185623
2.4423228027496533,1.2276025611652621
2.0098134004414,4.81222441710783
-9.263628446987472,3.4452112139240594
-9.91126945251487,3.546532610858597
-8.12370294883844,3.4885402776818397
-8.072702006317744,2.9517419871374977
-8.928378450665939,3.5718491650448208
3.060215815216351,2.46619925289534
1.1638394811673543,3.671248699989146
-7.137786653514339,3.6234541153901323
2.2349643461587707,4.288547284756681
-7.83598317676627,4.094196216324416
0.5396427789301714,5.271560692081412
-6.960627750730123,4.417679162628072
-9.750155810835661,3.6321637378375606
-9.215063072186757,2.7570338773733156
-7.805942190456538,4.125923094483619
-9.049584507919798,3.029948740726335
3.4012486471937837,0.9824634874353917
1.2328736893504078,2.387130470710854
2.115411623641174,3.3812027604269534
1.4828019325002735,2.932120528304953
3.126544887138609,2.593917271933852
-8.887658656966627,3.0091104240772943
-10.075576244432952,3.130638463140329
-7.829636341726437,2.726638710116939
1.8897940694344069,2.692430546014532
-8.33670288782739,3.449208230574069
-8.74978152840844,1.8662124578502122
-9.093765246226173,2.5809214598860675
2.474237137685576,2.2945686226506536
-8.172781069258573,4.363813264033687
-8.766471427178379,2.273318199905562
-9.554566964406872,2.1762961815268356
-0.17681957316591346,3.8224788813682427
-8.82294601715999,4.236354267257255
-10.0481890047815,2.2416696202047617
-9.879247943463398,3.100164015561015
1.4996227543264598,3.778303420981114
1.96597181452911,3.616577255124565
-9.40883458489312,4.480173584398296
-8.61470577741331,2.1286006002485443
-8.866885514376527,2.8888671192303788
4.689739601042932,2.0255979744987
3.1424038794640827,3.6939118365690202
-9.180898846608677,2.4351475390048076
-9.03822479506111,2.745245875779475
3.815627402884621,2.533677456466972
-10.224331727703998,1.8173717102991807
2.242331536286455,4.385142832025784
-9.446110428289616,3.5693220645297643
-9.242075351509198,0.31163309173212594
2.5422425297448696,3.533975304363724
-9.596502549808651,2.7015860504598073
3.3780435537180615,2.55945541165716
-8.597458489889192,1.8248994479774827
4.134823273474424,3.4864985968288362
0.8706732995152273,2.205220676586066
-9.350931941148808,2.0228563737968885
-8.370171170206499,2.8470795351458893
-7.877246192428059,3.4891648579492713
-9.491643143632388,2.746067664286078
-9.014191161279753,3.9603563575640646
-7.757564929458768,3.5222207392919507
1.5401231569533398,0.8652467415933329
-8.150226712336009,3.577841688467047
3.8527523502736214,2.2060871172597785
-8.154620030039633,2.9999477945151356
2.476065498821142,2.4933763386996532
-9.637979265598867,3.2346318072857794
-9.041996818680412,2.7504936806392
2.4864233385948102,4.329145627138934
-8.590288622503204,3.316326096174641
-7.257298334353412,2.7838967941920565
2.1195059394019893,2.1638869132230214
-7.834006843968851,2.16331691206594
2.6625974567465196,2.76746874951628
-9.02742445972679,4.990972411159019
-10.36964693762232,2.7514189311372887
1.4967935484380424,4.1722454556494615
-8.399462096143955,4.063955908390358
2.5839662536676635,5.460504825689984
-8.451480600520737,3.0459470278029728
-9.48933689427263,3.244811431282534
-9.037877804382934,4.300177824223985
-8.256654906310724,2.46072862566733
-9.666048597593095,1.6946248757843945
-7.66884805558192,3.5845998765242832
-9.440548625728391,4.075613164181442
-7.727716462149892,3.036802248589706
3.346272124399156,2.838392206932164
0.9453623639046027,3.365340306322917
-9.202372613150713,2.6739397318795532
0.7323202801879709,2.9653968807645166
1.6489426630163573,3.7683108589938663
-9.951501019107937,3.0687729943030595
-8.563584142753415,2.080102486823974
1.7992233851444974,3.820136458234053
-8.83906764920138,1.7572101003045657
-8.219661797209243,3.0904940898772044
2.7063917606545163,2.9292036156480568
-9.693816796390553,3.7651738338863083
-8.995559433029092,3.342649796927258
-9.531076834782214,4.525597727379281
1.21841731350578,2.8343552532327
-10.568080569444092,3.3954810912154003
1.5575998876073445,3.1636593421301775
2.137338970497049,2.9235775063585336
-8.96032660323286,3.377261904802993
-9.958511934401455,1.7327016134062159
-8.47935264084109,1.7384382753449683
-9.73451244504558,3.1512886999927883
1.2853980830691092,3.641437451937475
-8.49939399964421,4.03606132439514
-8.162492979281526,3.7260900785187454
-6.774540640014958,2.833933237770549
-8.865754481841996,3.151199226589319
-9.322274156510236,4.447196474690578
-8.343075424530616,3.1472562848894126
1.5155320960665084,2.6678426110299207
-9.23170288595989,2.5046178899385043
1.7671833083722368,3.492409282140987
1.6040924010168585,1.974143282202709
2.828761022850439,5.696118715663838
-9.745588283360636,2.6643529546240545
-9.631286084187472,1.544221262533808
-9.927247850172222,1.8455177403242518
1.6211949894680897,4.132062881900901
1.3705497084835025,2.697348496299531
-8.882624583052955,3.8281252888070436
-7.336057788395187,2.0723882416520953
-10.27348661460021,3.731744384182881
2.0265577244514303,3.528947982006609
1.5266263452695465,3.8767822037814312
-6.608274220530552,3.3258485694486453
-10.795781379721783,4.10416997643957
-7.312087793872677,3.295001404911751
-10.282835330444223,3.1320387080838534
-7.499691357075447,3.07295046211783
-9.281770336933588,3.2823537140688743
1.8637411946664946,1.6083674217421724
-9.226951323005794,1.970337112720955
-8.820644440092682,3.867086367677099
-8.990540486058046,2.568573956902495
-8.997669826446263,3.676633789092381
-9.319691724024858,3.269093080276459
-8.301075600110213,1.6763082434995482
-7.149917996170081,3.879326266445318
1.9427542230157353,1.2973287298197607
-8.684105370481733,2.9699195431509753
-7.396242704423739,2.9088171265057197
-8.182475957823852,3.7864767530077463
-8.493325362799805,1.934674493949168
-11.03545996118774,0.9677227477282204
1.6599816063077861,3.628511647870909
1.3449335370852293,0.8526223970652587
-9.107550229197205,3.58877823959164
-10.365920016035803,2.912605516942526
2.8774995107261336,3.197136898190582
2.1107488852603913,4.174624870146661
-9.393008453416392,3.398420601471853
1.6956881654860465,1.8627237211916823
-10.381107490680469,2.9765438683531094
-9.405526893667071,3.7672068924175406
-9.374386734276126,4.51977317411722
-11.708858675988646,4.6716844847997665
1.2605194490124654,2.307834883846879
1.3460647914371728,2.089631937192117
-9.294458589172653,3.1070943443719425
-9.660990726948222,2.442817002075633
-10.839314149648402,3.397267756191757
-8.891706467523997,4.3224079802724615
-9.05683687147159,3.0919652995529714
-7.914267351882927,4.500099973499838
-8.046534944711746,1.5843736277897733
1.9177948055266012,1.4803503555221276
-0.22470252592899875,2.340401203174311
-8.715379208127343,2.6392538274923383
2.8167582592470657,3.4964261681832864
-7.46464113398675,2.3165343168743697
-6.712204091611002,2.631627181979014
-9.482063939474473,3.480045030128106
1.6571996447539308,3.6124031185963266
-8.971453384763889,2.8984201159292744
2.6754506123142328,2.5955060157480867
-8.591397689487167,3.0868620374598033
-7.791715646865904,3.7788145191142073
-0.21960283605694064,2.6705721475574338
1.1610635719226436,2.9224238595638763
-9.370641222054635,3.863977357249004
2.0014044865398564,4.885839798299596
-8.742349590707173,2.016934111951673
-10.378284830328827,2.5730901593064957
-8.440284398919925,3.901802786778721
-7.234845813075589,3.900641167996043
1.1337986627032093,2.6688177163316014
-10.339049957180649,1.9307001903378764
2.9158740910277174,2.3288469528243265
0.7248663413533356,4.602454187279376
-9.694672261853817,3.4497202142640013
-8.765685157379233,2.4980756563220137
-8.710135895351225,2.9236823533417233
2.9698201187351696,2.4183158747570563
1.3906920290635023,3.8574369637950294
0.8195984428317578,3.1547574924500377
-9.63573534023671,3.2271123192844975
2.709475188653256,2.677167031098876
-8.752108374805575,3.2846640213086973
3.717374493206321,2.392042608945243
0.7042953361895614,2.587539517999833
-7.657913015645932,1.495717582334101
1.4885087798586727,4.279560015225693
-9.229143729931202,2.189261632598354
-9.190136910788658,3.3194547664143244
-8.15531659898678,2.1388494477140103
0.24944841776131366,2.6539515450431534
1.8831239854916642,3.675434042569963
-9.367060902561239,2.8538074877994632
-9.700106724621431,3.17830949251666
-9.839643947439146,3.2628379815074404
3.0572451532777896,2.5388348578081645
2.097250051443671,2.8976366225009396
-7.879142067861013,4.584026724687808
-9.996838310810233,2.3219194224185826
-8.191093624499633,1.4968490400179
-8.879279025856215,1.1802020414787615
-8.139843556689865,4.907437666208527
1.222957267360277,3.3977640516761776
-8.770159793464453,1.0237473590888806
-8.823265991436106,0.8509355033713919
1.8285426921619488,3.841033358780707
-7.3095848541844815,2.697261936080573
-10.953181330016871,4.075751570584828
-8.608225235751267,2.326709491488541
-10.054596041928779,1.9883562352858597
2.46934501921657,2.0921489088137517
-7.320679722812141,4.067610444047044
-8.406727245569181,3.489091451594798
-8.343169011296004,1.22682853884604
0.8767831383065983,3.642537626038538
1.740604954799992,4.160627918034297
-9.159901773607148,2.6944130780308377
3.134464344300929,2.433050655716063
-9.428148393430904,4.328863887264099
-9.356945414015009,3.5978164054602404
1.8719517634079452,1.4286238954547377
-8.52733685646973,3.7192917533987364
-8.29407619156192,3.1731257226140945
-9.066388374066547,3.6988076232402047
-8.836191163888675,3.4191774678049005
-10.207092198802652,3.3409273116383007
-9.01810419227269,4.651269762011581
-12.23573202641316,3.0646833107122253
-9.614320307298016,3.6253304887363775
1.9484978535818533,3.1638701172617325
-9.87826097827606,3.0920825070238767
0.18693007076539603,2.180620934557244
-8.672020050029797,1.1958668057886699
-8.804735097611362,2.090164417838327
-7.798204952692252,4.504850386805848
2.9484144347350574,3.9303966903907943
-9.488951777255963,2.6014380768124
-10.98300939967121,3.839917129244026
-8.905234792344167,0.6199610101068207
-8.533380320342397,3.371151186954428
2.6083299003999048,1.960719398061824
2.9836096807987005,3.73013290211516
-10.529888539411193,0.8323717196160776
-8.966383517446348,5.650869026504411
-7.898324958343327,3.239258245238579
-9.965865608121312,3.9140433666184986
-8.834380494154885,1.758238275261714
-6.922481178353163,1.3676925495967809
2.8839701993248417,1.9228652538955366
-9.480628436634206,3.913276056224093
-8.615535342249116,2.7835003537872063
-6.774891107935669,3.2232843603047514
-8.828093424095076,3.5611152666058303
0.8856131902342588,3.2005374262247024
2.5767258301070592,2.7873818981899414
-8.89679075455852,2.330730625824312
2.1947160540057036,2.8986343160228496
-6.6709926855836255,2.479187704757983
-9.525700143271257,1.4411604981380055
-8.76672778482051,1.8046502856687285
-9.298370418839893,2.9368298530881147
-9.424379015180186,3.2390966329253907
-8.097553905466906,3.6602060356698614
0.9143101698373002,1.5774044145280817
0.48977001018226307,2.2723257447002547
-8.082244351429225,3.629161338512453
3.7094153478108907,1.5375592496586208
-8.943040242922683,3.65840291644325
-10.359025833875906,1.8190099863965834
2.5477832945963588,1.558246350925717
-9.628929502607885,2.211613916019142
2.644341759241513,4.992413784210786
-7.647832050586413,2.7007186472488436
-6.765783446108468,2.199987720437147
-8.480242725250065,3.4521822029067275
-10.33580414791424,1.9361136175930853
-9.827898631828857,2.4562545822988264
-9.12691119018025,2.4249923442238135
-7.01168866859178,-0.0014103664118700898
1.2131148574183248,2.4253820073781296
-10.15210051909773,2.7639017755778
-9.192229347162185,3.054824963408068
-9.399434544476856,1.264446681651585
-8.956979523056605,2.905887106670734
-9.592684682862632,2.4868267681545566
3.0452671842954393,4.127928733824785
-9.659485967825567,3.356299215675902
-7.473996219588546,1.754132683156001
-7.75551961521451,2.834594465869854
-9.312020342409795,4.325922033511143
2.3492834785222425,4.496895607017248
-6.9948529320259665,2.5442464942150425
-6.755362649138553,3.6879225173338703
1.20738113136695,2.186105293864331
-7.791088373736832,4.707799291456282
2.9927149022428483,2.7098016208470725
-9.816599166431802,3.279631666906312
-8.974612098706375,2.5269426794736236
-9.099371753126768,2.711744525349199
-8.751804448067368,3.4474953266296975
-8.903093980604032,0.8088504184274226
-9.922968380802274,2.568168406900157
-8.376937956683156,2.7113585031146346
3.033413972582566,3.2668451942712955
-7.367304294174046,3.978585644372351
-10.104637539399064,1.942291202416244
2.236562911825291,2.7722647764034236
2.7771732452753763,2.044917227330751
-10.754721938235274,1.974560087820771
-7.700272249920651,1.8124488921580395
1.672678340288291,2.414198415762917
-8.350594293329793,2.706389228783051
2.7061124779453243,3.7025785684365182
2.138633063964394,2.366522327278429
-8.285325873070535,1.876659631345219
-7.708470434635064,2.18723055259018
1.8305777958780722,0.9131509656166727
3.240708918234753,2.668879398892534
3.328524592249175,2.452876011203519
-9.411870494290564,3.728992675092517
-9.571232571729844,3.412104123237277
-8.208100532208288,4.170231692130924
1.8573653580460106,3.6574738250182737
2.5267054749095257,4.158043047925989
-10.75649240313125,3.7195098373946136
-9.607701134458239,1.8936814017551205
-9.713743140720219,5.073537265801281
-8.444619910267539,2.191009657129048
-9.543918966794061,4.792240444304639
-10.11049664973529,4.033603440557685
-10.61911598469238,4.74255164343805
-7.765940028466089,2.556916766198949
-7.7511934231031905,3.1600284137311503
0.38616352099919626,3.7034660459538955
1.641527963822821,4.414779524120972
0.8680999537120042,3.17653072905242
-9.446658289404139,3.4273952534878216
1.0655767362392095,1.0555574718859475
-8.285335439219029,2.25140246806818
-8.494122593261665,3.787114168718602
-9.507052746949876,1.9132881122054737
-8.70313189731517,2.8017092216431654
-8.812734965075677,2.9119930326148356
-9.316075728717182,2.9807566671451595
2.5518456961272724,3.16259581229691
1.0199265937656325,2.5015395412916215
-9.440610933916524,2.7589732305651133
-7.659567369219632,3.07257814570574
-9.905348561673312,3.7191759829383044
2.132210353882359,3.4960416414624227
-7.608635072328093,3.570308576938719
-10.215381011193552,2.5285151142898235
-8.587466255971634,5.642077038734837
-8.29540690014776,3.9101532549408464
-8.772482189669667,2.01299814786228
-9.408725703218671,2.7161538709102477
-9.396510461581709,2.21732016322237
-8.019500283661671,2.500749306992904
-10.303950515092785,3.2490574192720154
-8.653734884951039,2.9733480787639754
0.33285614661818097,4.672334408282497
-8.7476655681126,1.854744731235098
4.3470757908881055,2.258816037923391
1.0822115267385475,3.344786442469812
2.6694350850610826,4.162657136282418
-8.649679380493401,2.969440427809648
-8.921482405090545,3.8727979904001537
-8.481760421648188,2.470726092348339
2.7013889861730807,4.9798809295083455
-9.865450030643212,0.8492693747902647
-9.27897468678475,0.8085330199075296
-7.6780338238624655,2.39061317167228
-9.017421491738919,2.627283217232255
-9.195504005912069,3.6453284573875573
-10.18280199189349,4.085221784786083
-8.966732134548256,4.426027192768507
-8.82947781412668,3.9401012847779615
1.8036197290218774,2.8517249599368353
-9.290865836813904,2.5295209753527166
1.5379964891308096,3.6357195171120735
0.6322754960704273,2.8852850200016325
1.3180135620619238,2.6978386775127725
3.325044720453456,2.727742131787861
1.1692328124330125,4.580569917687018
-8.713875183765577,3.0587637204221183
0.9537326608848122,3.6067757308169304
1.811947245469515,3.4418379908764356
3.3680794562587506,5.190792025119179
-10.044045484110828,2.093977224435925
-9.450838358031094,2.5534477116948167
2.0045443467418327,3.8404124696527777
1.3917166692562999,2.6774840919511522
-7.428739632924804,0.8485985849795439
-7.811855643428592,1.4356320483480818
-8.74586240101243,4.479883597130454
-8.598289461982807,1.7625166814641309
-9.715185748278197,2.8532253287253493
-10.25339964087782,2.6737158933666234
2.368950733071113,2.2017523992458368
-9.468421742557641,3.8365014696233417
-9.476576708048821,2.3325352795854033
1.199852183339607,3.65268343034964
-10.40039721386005,3.723366061854069
1.3682270378366166,3.760588574517433
-7.641571655350979,3.2771933845927177
1.2830145371976824,3.749427748539917
1.793317349738953,3.669069415787818
-8.331985139432033,3.290102120959502
0.9996823456634067,2.63011494661263
-9.770424202086152,3.7890602865499696
-9.068982090504985,2.8466255824583975
-8.03914466962367,0.8445404147709361
3.7011101848856636,4.158756289231343
2.1765676021317057,3.5763590722510474
-7.687956427531098,0.6934021393967496
-9.360888703824637,3.80120841480166
-8.150198839785245,3.5417605331865296
-8.528276365101723,4.196529484512453
-8.257637226601858,1.727201461681368
2.5749974615626954,3.4960357075942747
2.1662126330698244,2.6019578460789465
-10.771897117313205,2.5542131234326337
-8.490493731314976,3.430072407057232
3.0667925506547213,3.6160797348517395
-8.586093585187053,2.7516100447687912
0.953092228334167,2.299791177708655
-12.827963115761724,4.332307754669685
4.826333167655326,2.9629173309688404
-8.474041459733492,3.727409969546811
-8.73229877208733,2.424349585615403
-8.773489407984199,2.580110580498015
-10.125390945496992,1.9474898658989164
0.48803991127250734,3.4384378750120272
-7.618452715735808,1.9607338660844422
-7.76017989176582,3.04973719118985
-9.400595217736381,2.9336378202369513
-8.797860162021415,2.0938095580831986
-9.009196919071048,2.462439883707178
-8.137975227879483,1.5017146381334914
-9.412730113377629,3.0029806905543537
2.3083596405744284,3.1414816923185325
3.687344288468764,3.795051341433507
3.641380301010434,2.0648945901906783
3.785059194608025,3.2358185907119195
2.0904752855586963,3.695665594245847
-9.532177411757129,2.9869364398064797
-8.86975631830413,1.7833671099028108
-9.713670484773054,2.3576873275449923
-10.88508184761131,2.6816279695786767
1.4304317639383897,3.344489039080516
-8.948083246592535,2.8825282563941386
-8.691402364583253,4.868676466366305
-8.940269967005444,2.495316433989517
-8.758815837047937,1.7896633140997797
-7.467351366189275,2.5135415998253254
-7.536721181516883,3.0405719894980074
-9.484514305716406,4.256481396200062
-9.190052232581138,2.3430673641645567
3.0529352907580964,2.2252289452333542
2.906474737334446,4.511432497816092
-7.484985024076092,3.2678017223074414
3.132513156251405,2.580672653640987
-9.170649794303163,3.3016749896623026
0.8671074365634543,2.034145025429685
-10.48728581796425,3.8544089127427528
-8.363922185383316,2.048014316039428
3.5873450811803735,5.239059839689997
2.436802622034202,4.321575452726616
3.0294095484201318,4.413037822129871
-8.53145883772713,2.9012146159203986
-9.365017742026955,3.054481657573496
-7.485637857365843,3.504783800469801
-0.7780975098619809,1.0848034029851277
-9.714776313977078,2.562891602811485
1.8734466901218627,1.9831138038974372
-8.362249422180735,3.88294982957466
-7.90901100037412,1.9090783884914841
-11.170968295675488,3.3853037550626808
-10.932303563296667,3.0808375593163824
-7.876088514094564,3.309529355431149
0.8343315372722966,2.226409679915939
-11.472840815389496,0.8204502494738959
-11.132221942977672,4.817324317267974
1.5094790431917726,4.96307772630923
-9.231138325336717,4.0954518600653556
-9.132612643151703,4.84081180797093
1.7382414070030576,2.417978878779511
1.0361007694500208,2.1101591926058747
-9.527369529742632,0.5777694660907291
3.11999362139787,1.1998526696881004
-7.2992740100570455,4.169271632695946
-8.805262195721967,3.932879320864526
-10.275792666726481,2.4446810523049423
-9.411243915256664,2.2848366800099464
-9.297845862562564,3.4851243838978467
-9.838506279836242,2.4936648572473703
-10.369051698505027,3.021823895050901
-8.230184437980459,5.680924141411848
-11.028716796938848,4.453610797641228
-7.831862295779226,3.441937297489718
-9.15381201334428,3.8155328467492335
-7.7750876225351595,3.404643917801829
-8.607320388741941,3.6909661328277057
-9.313066105700603,2.697016968785895
1.1790086339635955,1.764149172655171
-8.324854118745037,2.562640421764577
1.129820337390028,3.0462557280435396
-9.48087231382143,4.023804450734416
-8.792954562315511,3.4665173534503793
-8.727684639070736,1.4046784935142007
-8.808208401433854,2.6996802317318975
-7.902210110230401,4.925200019369896
-8.435504590155354,3.0582724431482786
-6.661172673114091,4.7107681269608115
1.8984565057153224,3.555783573649036
1.3374038490093998,3.214158113117017
-9.664500730598629,4.597240204694153
-8.721243902736504,4.799829705701516
-10.07605540344991,3.3751501045240793
2.2161757691663273,3.6251856679592227
-10.032509603725519,3.2802335514009306
-1.0593207935231241,2.8743673659276308
1.3031529256284209,3.764205453802627
-9.53467339044651,3.791278143924506
0.6916915003409208,2.923280503256101
-9.345513349382125,2.3174460609872023
0.6538145930942552,4.1341183200868254
2.223872862999353,3.577668914361253
-10.560275277888332,3.3245937248125292
-8.506421786205498,3.1889404200308573
2.3164101663178984,3.907691784918597
0.15629416555952114,2.222958049014372
2.389128718926821,2.8615129853076393
-8.701396417411742,3.0528326851044896
-7.396563018876278,2.353123236361439
1.4578887076621765,3.8715443472198574
-8.367543711868429,1.7468179173007052
-8.914609035524768,4.154256279224947
-9.429413820279136,2.300966061534067
-9.919755040120025,4.151601590966437
-7.343051167180047,4.371494657746188
0.985683325880609,2.852418578986006
0.5838383605934505,4.0909114068330235
-9.914849487185355,2.134810088216244
2.624748818871957,4.1857543134867825
-11.47021074815031,2.8674895032461145
2.430048468108787,4.626899957439425
-9.126712804588234,2.281907652405339
2.2223230560930403,3.72780398803837
-10.310627985804135,3.6637714951690636
-9.392586550196908,3.6573016984765356
-9.400492550034706,2.84095781575726
-8.719223293092696,3.0069136625296076
1.2422208964893167,3.0187846029496925
-11.250485933727306,2.631563868701317
-9.602663147855182,3.7897943611865927
-9.822607637260742,3.7942833508210647
-9.011293863570971,1.683542817288501
-7.372791954092291,2.2648724854837363
-8.993389127740262,1.6871239412766856
-8.868107936684668,2.7603919262898002
1.896624570047454,1.5722026216939229
-7.947265854647112,5.790890483444652
-8.882805956002503,4.864048991496653
-9.115292345911518,3.3630642270927287
1.238451380897171,2.995370659025052
-9.122196198563215,2.6797178551632914
-9.073096174364897,2.1065631812649293
1.6278150266842877,3.3205847529518735
-10.709665871900754,4.141581434283623
2.087488108842482,3.540866292766221
-8.475800774573964,0.7232613110219939
-8.453662389957707,4.024171579071575
-9.483500779647814,3.126179333379482
-7.967934006266827,4.02585400189759
-8.703045651500343,2.2061062053652254
-9.861309654622437,3.3939879922321103
-8.186905536242774,3.05736599809127
-9.451402057379038,2.7602892008718536
3.028761844543949,2.778542398172867
1.0844412267006838,3.242579515493601
-8.169367980732192,3.087748573975083
2.789571849555629,3.6595459183662467
2.965213229638115,3.080210521312068
2.5834798733262705,1.8608615854229396
-10.364198520836943,1.9100188587890283
-10.35697289863199,3.83677316900366
-9.431524062414919,1.9976102332523966
-9.40195223757987,1.2701051971925985
3.3790427564433694,1.2795132061150845
-6.924147356967647,6.171931424335701
-8.092376410187766,2.0469805936150363
-7.891454373988671,3.1872495985468126
-7.909137010994537,2.324501425510754
-10.932754210384362,5.008615450373496
-7.771637641916216,1.5717313624885734
-9.908520781292092,2.5203934885151034
-8.929717889518471,0.6872636562102583
0.9261369669380841,3.7804989113729577
1.4841093667497325,0.8224477130754058
-7.825477617938725,2.5511981268891706
1.2308250528792313,4.015531823681207
-9.092347250218813,2.4908263810404723
-9.620884834691518,3.851841749186859
-9.470500243581975,2.352338296288403
-11.373737774786528,2.709550333680999
-9.658149938952164,3.801444076508251
-8.35780641690728,3.5326005984822815
3.0893942019303444,2.1202560006704494
0.2207387084197352,2.5547588039326623
-9.39765575296148,3.4977336876677425
-9.051816361008296,3.166443059051851
-7.421567808527728,3.2404664138394637
-9.521300504465295,2.718951586324936
-8.028526576157196,1.5660300321600575
-8.222836439138494,3.127907025986438
-7.49209658723837,4.923561831234012
-9.16544784741988,1.6096735936777729
1.8607418851942001,2.8305787032954477
-8.65454373802201,4.352816614053312
-7.9243437659290334,0.24868290731242926
1.3698965465995476,2.99406397076647
-9.594151383746198,2.801137348962398
3.822426208373214,3.6622299215580023
2.003490786918695,5.340772937014675
4.103311978620006,3.460922854795994
1.061638526637544,3.4175461331065216
1.705747368201143,3.895309178801731
4.269433817475378,3.6803099616688897
-9.772988303302638,4.971063152629982
-7.349051495165306,3.0045705120502437
2.2769282546427685,2.4827909274456457
-8.639946917797726,1.916720517705386
3.5991591136317287,3.178275516775828
-10.367411501655972,2.565239429410474
3.174822544212054,3.760597319440714
-8.917998006066828,3.189606730905275
-9.509258986111442,3.8903387466097126
-7.8211647685595,3.83594355853018
-8.476696554707022,2.368444227345919
-9.200224338066079,2.911726716901771
1.0744461428772127,4.895736259689631
-9.027677030245298,2.9903690657973168
-8.613389062004513,2.2607323691382177
-10.647250578059339,3.813209693698208
0.7626774878106355,3.9087249668156536
-8.1360524750119,4.323435512710923
-8.290625764425029,3.2995770371504065
0.8514977890463471,3.4619705517415857
1.588520815925956,2.408685331126634
-9.993905198256476,2.7215566586656923
-9.370097890584955,3.915474877761662
3.0089050458466593,3.8757386608424156
-7.855629158217891,4.009726270182782
-9.91664024619592,2.1927438583229737
-7.549897799431535,1.9368626514371845
1.633969223667256,3.045456475868154
1.7217714289829473,3.8118987856911914
2.737425709489659,1.8703156683958262
-10.367250404120412,1.7782899078451648
-9.536143889143386,4.527072868803583
3.2501597680417946,2.6526973276108157
-8.489853887826236,5.6122211248522955
2.009186265856817,3.865690332354286
-7.894419898840514,1.0521477952736733
-9.816627315355182,1.9812702211686357
-7.719465846349431,2.971901274934755
-8.941782448776518,2.9601323447484176
-9.102727727754749,3.1328238378956463
-7.5390182893772355,2.348808487861967
-8.106869520031378,3.399476452729148
-8.192461414074392,1.6836996123482988
-9.708061310161094,3.5201542738083726
-8.43979852803109,3.000144551644189
-6.066347036633912,2.367233278350824
-8.214969114738196,1.359240584708541
1.2632602613380266,4.986092582970798
-9.895955772924228,2.1839436325174333
3.4735214804910584,3.8132449215941806
1.404468650760224,4.404484787827947
-9.63111491594939,2.423839592349899
-8.12745679561259,1.3437076407688766
-8.603024024345354,1.5996878506841492
-7.135071727707856,3.7914776869019655
3.4300881086286905,4.134914456764648
-8.469724506141924,1.6783456173299949
-10.088890155931956,3.2224756909662524
3.6487992611855815,2.901092574180445
-7.901846363465237,3.2704221911273006
-9.198667536342038,2.443971244702279
-9.87066493308018,2.062103549581046
-10.143139304170885,5.0387221205258
2.2919398604714116,3.151249893434351
2.5728188399984413,2.5144006200694777
1.421356770006402,2.7309421250365795
-8.305196451758373,3.12101081404157
-9.538172293844092,4.028659690032979
-11.162168292512328,2.8107677197037346
1.233126190166607,3.277745002819484
-8.703309284448704,2.199869420058927
-11.001266338307786,3.9747765757524105
-9.714640464198519,3.688037104057947
3.1756323836628857,2.3035269048387725
-8.12329892913931,3.262370323525136
-8.309404103278698,3.6547158661200756
2.743291083686435,4.068683890909762
1.1848727584673964,2.2522372567884217
-8.627421394203596,2.193141683301794
-9.976952292082803,1.8453532213531239
-9.629407205402321,3.390692034775881
4.064328482813417,4.165487919305294
-8.115484334292354,2.9420127702729366
2.8169320163649156,3.0876803917395637
-9.589194857130463,3.061414958175977
-9.79488728929205,3.9126842786402816
-7.687727785246522,1.996080771505414
-11.135853971748832,3.5909951826705773
1.6384184569039812,2.3618106847558833
-7.794566070495737,2.0179870550343066
-9.736648762119874,2.3280401269507904
-10.645283467419661,3.685370525626156
-8.375079054296167,3.5014975919434574
2.2486435618883656,3.267081310351895
-8.706385602151984,1.4541157880089326
1.75096866809278,4.005029936285037
2.077097505728488,2.4878138681917226
-6.974577753325653,3.1713830104708327
-6.762734928931396,3.2638464373412184
-8.512923012371258,1.4464650811820772
-10.651321897426243,4.802653858443528
0.21649187049533003,0.5187245519740706
-8.996788957288178,2.005228160906068
-7.8123350514122665,5.603630272445315
-10.027986128173891,3.7741062560280083
1.2857657916270646,1.9493116699925048
-8.528453707194076,4.077134899918891
-8.400827802910696,1.8236592492309094
-8.30396439939342,1.1876096693054394
-9.70643044996363,1.9484219928845687
1.3756544987784125,3.140718730415617
1.1625836918300672,4.562898227891164
1.7933877058654564,3.881339821760271
-9.693509022750478,4.396999925383913
-7.863296272936415,1.7618396921578825
-10.433613009968838,3.257429237932693
-8.74114281055258,4.010448858202536
1.837220453641556,4.313576783622262
-9.298424808314403,4.312211335461828
-9.145425528201287,3.8670457717132303
1.5061294148327098,3.784855998683262
-8.18442777085701,3.225340407641706
-0.02022401871888624,4.249938402383751
0.893624707373833,2.737176446787054
1.743555053253191,1.9053566868851999
-8.35293226864625,3.951353832949822
-9.513872361099281,3.726416023085832
2.8654779178048706,2.8377498211810845
-8.47724525556968,3.4499894567701
0.7319811287237301,4.635747892489813
-9.959673435762923,2.3283189271366647
2.283608039945589,4.773964030190225
1.4885098779745756,2.39242815262344
-9.73914988476414,2.2092841377525647
3.1165238758602634,3.175755276207921
-10.086372922670275,3.211860347215546
-7.49380836888043,2.6679141857707744
-9.337355210912474,2.8681888234858484
-8.183806151611403,1.5233018208206277
-10.12848497540529,4.927878217402236
-9.433311625106615,2.686646444314276
-7.884890003829295,1.8254976857836418
1.1823479689052725,3.2752644642936843
-9.90569290422205,4.014646642068321
-8.37956093239221,3.5635583322921054
-8.190250272259615,3.831323281303176
1.432521485125668,3.1865375683845842
-8.673667053049462,3.0804802120144794
0.3668583028953598,2.418823445081354
-10.230473189475038,3.500973621250491
-7.423677595037091,3.305525941850476
2.5967819106030596,4.189234349155214
-8.613354398412723,3.2717933883625516
3.180097399849738,4.622823263483365
2.3548833433047136,2.5200959522456503
-10.458465202157793,1.5492044276070414
1.0449465157622146,3.5390030022104364
-8.434500975054934,3.4648455151134367
3.1689294663669703,1.213946429689757
-9.182745686700148,2.8435342956451564
-10.30443043946856,2.0868404214442613
1.564201471587673,2.0343209340197816
-9.623770483525673,3.1845424704547054
-10.084563487247369,2.8100574316239157
-7.893532736371367,3.2881187988698914
-7.457462784681602,3.4423644110796934
-8.859041264075413,3.769907107343189
-8.933291693992588,0.20071095334329003
-7.406822295078048,4.20238659263272
-9.253093695234709,2.6404995139032694
-9.56866216967199,4.132745451931801
-9.587558735464858,2.621430618203645
1.3212295685704056,5.269393689391251
-7.685814418197655,1.5415637198078453
-8.546279288820152,2.612345039114379
2.2867028861309366,3.3591197281199983
-9.437687192708218,3.6896496535276757
-11.024073894107007,2.5386028963272538
1.850737229826363,3.538028023501219
-8.051982089978354,3.8571458312281672
-7.483335709241021,4.355973188740765
-9.65159143150051,3.9946437150199907
-9.924594939434275,3.1928795508211945
-9.411087529933912,4.800690024283485
-10.455431761551413,1.6603036081942373
-10.834533941690543,3.193835381537456
-7.980794763615689,3.1837063517973236
1.52847498512985,2.8257713494656467
-10.294627593492901,2.6998839219816833
-8.864131955574749,2.5530379293007157
2.817213394163409,0.37753264199097014
4.793219353464934,2.9756948941815806
-0.6056298486811698,2.1552608184968527
-0.9637833875832973,4.221973101844171
1.8120375180378994,2.705346203378473
-8.84462350612019,2.8639819867722593
1.6261188597934702,2.868654559127821
-9.464042181106326,2.3256561585941604
-11.488101351625593,3.073559531379711
2.137813202762114,2.9212950423247857
-9.102055338732152,3.1523019168166644
1.7233464176207465,2.282052130784825
-7.4802577478269,2.746896722701389
-10.725112044259838,3.2413385699295394
-8.595253233408693,3.1096471488992337
-10.657365709890206,2.773665255007367
0.8807141556362883,1.7129540779588404
2.221868278397294,1.8319954318163953
2.3828868683654822,2.4494645196138083
-7.792935759594697,2.939357982830269
-7.925676981055545,1.8164268878702865
-9.851827670860134,1.315604238067989
-8.31713557779758,3.210694220206611
-7.467694913769746,1.6788888929242591
-9.682408512133179,3.2320381254397486
-9.46172910338525,2.7169453756894115
-8.952374207415254,2.3285472807298095
-9.043136671641838,4.116294301845871
3.5500862042807846,3.346427461271749
-7.818111671548441,3.594947441928253
-8.729193747586464,2.256282133352813
-8.708198837173338,3.479821429281892
1.3794729710046822,3.3493386910749314
-9.414555473136504,2.5468548953332455
-10.488312298022215,3.248238465920926
-8.481711236024717,4.048932907392512
-8.44774286597848,3.9289226174516756
-9.306443932831696,3.0119927457189237
-8.952578400112664,2.7903703683582464
-9.144769813789837,1.7323839940845651
0.9608945777618361,3.7212621596370585
0.4852089869191827,3.0474658134293033
-8.636640405131969,3.3110352518065267
-9.10846431265166,2.564617090091856
1.765956519406054,3.8078858288261768
-6.976360642138687,3.283809616356255
-10.569643403095972,4.335472563179611
-10.199727750638383,2.998626527772182
3.282092443042382,1.606154315732992
2.2006533428878496,4.162982833325847
-10.268885650260517,3.578090496772896
-11.144949121160582,2.387192153106218
-8.121220912375726,1.8806968072246397
3.534818071245403,4.505488634641592
-8.487637868089456,2.2376395388301757
-9.293402514923583,1.7176930991538364
-9.377649047887994,3.0976957373263962
1.701746839784831,2.716910941985832
-8.38420853249349,2.773618054864173
1.3634452491724782,2.384655757588738
-8.159912046067078,1.4128549065657225
-9.721301224882069,1.9633647337113604
1.9721405500060782,2.1115071706227657
1.1820415127150938,2.2795473582278944
3.0054392333760074,2.229982241832414
2.268609582595561,2.4545320042917003
2.219900400246061,4.983840482163877
-9.259871566458648,3.7281161604492628
-7.415465254076558,2.499860660893787
-8.025117023118746,1.3727121733761338
-9.006019757231917,3.4177766907727487
1.0660765752724068,4.382895389794247
-9.916763334745164,3.237178686647857
1.412694551712954,1.996297521444849
1.4470926407189846,4.1806871350669645
-8.794580340509546,1.8712585703117768
-9.632942449651125,3.3439504474784236
-9.988307596587285,3.093530814095012
-8.173913497148543,4.649110844747876
-8.602248908050642,0.962316528278603
2.9781303789487206,3.7733563479531442
2.0518995972022736,2.0729535348618553
2.33028132146882,3.5418758424226167
1.903803027888952,3.147342202874195
-8.066233181237331,3.3441046725449235
-9.872209122930174,1.1436780286695545
-8.63390356526203,1.978421996748399
-8.088345011047458,4.307046328485654
-7.3559841076721275,3.7822508485224957
-7.768771032682016,3.110923272345831
1.883712768626773,1.4289397824739032
-9.783762480731161,3.5596447163750673
-8.305606321187978,1.8590273760042657
-7.9448920215396654,1.339730098132002
-7.372393372526986,1.460965540059392
-9.58715528665675,2.4669695265656
2.8935458590400915,2.6050751401356464
3.9960994263175573,2.357379838660951
2.4207488479396613,1.0296376089048591
2.141485000771544,2.771295283846867
-8.256970827481986,2.7553819882794106
2.4414433889315292,3.833066476987921
3.018438183004048,4.639618866118835
-9.499889787657246,4.776245760358901
-8.66267658719086,4.277513294082012
-9.844978459454675,0.8871873997185817
-10.503816041169578,3.935077091241069
-9.137881605178674,4.087486230436697
-9.11107895943871,3.5794807117761946
-9.978409802156602,4.046103879728642
-8.519412096148868,2.024889336333283
-8.321735809106748,0.9832177928689814
-6.638708666493169,3.7464125025586847
1.304075441691574,3.4582158836254244
-8.35994366328595,2.826372013604604
-8.355190940279382,1.9907604671727397
-8.56220058908401,3.1003725054373468
2.653074357460661,3.1530428339518477
-8.177077364201399,3.5683206994736767
3.8018083318619853,2.315501997715781
2.745218537064418,4.427926874980462
2.1142910485456285,3.5453653328076675
3.32934068555571,2.068941199485143
2.8740040319592417,4.2846900181037295
-9.594644527553363,2.224504921690122
-11.796804973166058,2.6320784891539124
4.075897927963386,2.5811907822104403
-8.269142312324416,2.9302308920269686
1.4601282475108701,4.3567127684748534
